Type,Air temperature [K],Process temperature [K],Rotational speed [rpm],Torque [Nm],Tool wear [min],prediction,actual,model_version,timestamp
L,300.5,309.8,1345,62.7,153,1,0,V1,2026-09-23 15:25:21
L,303.7,312.4,1513,40.1,135,0,0,V1,2026-09-23 15:25:21
L,302.5,311.4,1559,37.6,209,0,0,V1,2026-09-23 15:25:21
H,295.6,306.3,1509,35.8,60,0,0,V1,2026-09-23 15:25:21
H,300.5,310.0,1358,60.4,102,0,0,V1,2026-09-23 15:25:21
H,301.3,310.1,1455,44.1,188,0,0,V1,2026-09-23 15:25:21
L,302.4,310.0,1426,46.6,102,0,0,V1,2026-09-23 15:25:21
M,299.3,309.3,1471,46.0,42,0,0,V1,2026-09-23 15:25:21
L,300.7,312.3,1590,36.3,93,0,0,V1,2026-09-23 15:25:21
L,298.9,308.2,2384,15.0,19,0,0,V1,2026-09-23 15:25:21
L,299.0,308.6,1587,38.6,124,0,0,V1,2026-09-23 15:25:21
L,300.5,311.6,1365,53.0,85,0,0,V1,2026-09-23 15:25:21
M,300.9,310.8,1519,34.9,73,0,0,V1,2026-09-23 15:25:21
L,298.1,308.4,1436,46.7,103,0,0,V1,2026-09-23 15:25:21
H,295.5,305.9,1593,37.2,197,0,0,V1,2026-09-23 15:25:21
L,304.0,313.0,1541,45.9,64,0,0,V1,2026-09-23 15:25:21
L,304.0,313.3,1519,36.7,117,0,0,V1,2026-09-23 15:25:21
L,303.7,312.1,1363,51.8,90,0,1,V1,2026-09-23 15:25:21
L,297.2,308.4,1677,26.4,146,0,0,V1,2026-09-23 15:25:21
M,298.7,308.4,1441,43.2,132,0,0,V1,2026-09-23 15:25:21
L,299.7,310.3,1495,43.1,101,0,0,V1,2026-09-23 15:25:21
L,298.9,310.2,2737,8.8,142,1,1,V1,2026-09-23 15:25:21
H,298.5,307.9,1260,54.2,141,0,0,V1,2026-09-23 15:25:21
M,302.3,310.7,1544,39.7,141,0,0,V1,2026-09-23 15:25:21
L,298.9,310.1,2109,18.0,61,0,0,V1,2026-09-23 15:25:21
M,300.8,310.9,1522,41.7,115,0,0,V1,2026-09-23 15:25:21
L,295.8,306.4,1356,48.0,99,0,0,V1,2026-09-23 15:25:21
L,299.9,311.3,1504,40.7,20,0,0,V1,2026-09-23 15:25:21
L,299.3,309.2,1775,24.2,125,0,0,V1,2026-09-23 15:25:21
M,303.8,312.7,1507,38.5,180,0,0,V1,2026-09-23 15:25:21
H,298.4,307.9,1700,28.2,120,0,0,V1,2026-09-23 15:25:21
L,299.3,308.6,1422,48.9,83,0,0,V1,2026-09-23 15:25:21
L,296.7,307.7,1524,36.8,82,0,0,V1,2026-09-23 15:25:21
L,301.4,310.4,1471,37.5,193,0,0,V1,2026-09-23 15:25:21
M,297.2,308.8,1485,47.9,143,0,0,V1,2026-09-23 15:25:21
M,299.8,309.2,1678,29.8,202,0,0,V1,2026-09-23 15:25:21
H,303.3,311.4,1651,30.6,50,0,0,V1,2026-09-23 15:25:21
L,300.1,310.5,1627,29.2,95,0,0,V1,2026-09-23 15:25:21
L,301.1,311.7,1408,46.3,135,0,0,V1,2026-09-23 15:25:21
M,302.7,312.0,1538,36.7,74,0,0,V1,2026-09-23 15:25:21
L,302.6,310.4,1359,57.2,67,1,1,V1,2026-09-23 15:25:21
M,298.8,309.9,1331,61.6,46,0,0,V1,2026-09-23 15:25:21
M,299.3,308.9,1858,24.7,101,0,0,V1,2026-09-23 15:25:21
M,297.5,308.1,1334,72.0,151,1,1,V1,2026-09-23 15:25:21
L,298.1,308.7,1691,30.3,49,0,0,V1,2026-09-23 15:25:21
L,302.7,312.3,1858,25.4,2,0,0,V1,2026-09-23 15:25:21
L,298.2,308.4,1388,53.8,137,0,0,V1,2026-09-23 15:25:21
M,297.4,309.3,1564,36.0,126,0,0,V1,2026-09-23 15:25:21
L,300.5,310.5,1536,36.2,12,0,0,V1,2026-09-23 15:25:21
M,297.9,307.4,1403,52.8,0,0,0,V1,2026-09-23 15:25:21
M,298.2,309.0,1441,44.2,147,0,0,V1,2026-09-23 15:25:21
L,297.3,308.5,1350,57.6,186,0,0,V1,2026-09-23 15:25:21
M,298.3,307.8,1392,50.4,101,0,0,V1,2026-09-23 15:25:21
L,303.9,313.1,1586,31.9,108,0,0,V1,2026-09-23 15:25:21
M,301.0,312.2,1629,32.6,69,0,0,V1,2026-09-23 15:25:21
L,297.4,308.8,1467,39.0,128,0,0,V1,2026-09-23 15:25:21
H,300.0,309.5,1781,24.9,70,0,0,V1,2026-09-23 15:25:21
L,297.6,308.6,1528,40.0,123,0,0,V1,2026-09-23 15:25:21
M,302.2,311.5,1734,25.0,116,0,0,V1,2026-09-23 15:25:21
L,301.7,310.7,1763,25.9,3,0,0,V1,2026-09-23 15:25:21
L,298.7,309.8,1394,40.3,11,0,0,V1,2026-09-23 15:25:21
M,302.9,312.5,1679,30.9,79,0,0,V1,2026-09-23 15:25:21
H,298.8,308.6,1524,37.7,170,0,0,V1,2026-09-23 15:25:21
L,298.3,308.6,1548,40.3,140,0,0,V1,2026-09-23 15:25:21
L,299.1,310.2,1317,54.8,231,1,1,V1,2026-09-23 15:25:21
M,302.9,311.2,1330,53.7,200,1,1,V1,2026-09-23 15:25:21
L,295.9,306.6,1678,26.7,53,0,0,V1,2026-09-23 15:25:21
L,301.3,310.8,1719,29.5,62,0,0,V1,2026-09-23 15:25:21
M,300.7,310.6,1474,37.0,33,0,0,V1,2026-09-23 15:25:21
M,297.2,308.5,1604,40.7,158,0,0,V1,2026-09-23 15:25:21
L,298.6,309.7,1429,45.8,113,0,0,V1,2026-09-23 15:25:21
H,301.7,311.2,1639,30.0,161,0,0,V1,2026-09-23 15:25:21
L,297.7,307.2,1668,32.7,31,0,0,V1,2026-09-23 15:25:21
L,296.3,307.3,1398,52.7,31,0,0,V1,2026-09-23 15:25:21
M,302.3,311.6,1668,33.2,52,0,0,V1,2026-09-23 15:25:21
M,297.6,308.4,1611,31.0,48,0,0,V1,2026-09-23 15:25:21
H,304.1,313.3,1689,32.5,134,0,0,V1,2026-09-23 15:25:21
L,300.8,310.6,1663,30.6,139,0,0,V1,2026-09-23 15:25:21
H,300.3,311.9,1390,49.0,194,0,0,V1,2026-09-23 15:25:21
M,303.1,311.4,1831,23.3,161,0,0,V1,2026-09-23 15:25:21
L,297.6,309.5,2001,20.5,220,0,0,V1,2026-09-23 15:25:21
L,301.2,310.6,1385,49.2,105,0,0,V1,2026-09-23 15:25:21
L,299.3,308.9,1623,31.1,152,0,0,V1,2026-09-23 15:25:21
L,298.5,309.5,1480,38.1,160,0,0,V1,2026-09-23 15:25:21
M,298.5,308.6,1384,54.4,44,0,0,V1,2026-09-23 15:25:21
H,298.8,308.8,1445,49.9,4,0,0,V1,2026-09-23 15:25:21
M,297.4,309.4,1539,42.2,134,0,0,V1,2026-09-23 15:25:21
M,301.9,310.8,1557,35.3,65,0,0,V1,2026-09-23 15:25:21
L,301.3,311.1,1303,49.2,212,1,0,V1,2026-09-23 15:25:21
L,301.1,310.8,1470,49.3,116,0,0,V1,2026-09-23 15:25:21
M,300.4,309.5,1888,21.9,221,1,0,V1,2026-09-23 15:25:21
L,301.1,312.3,1682,29.7,83,0,0,V1,2026-09-23 15:25:21
L,302.6,311.6,1453,37.0,135,0,0,V1,2026-09-23 15:25:21
H,298.4,308.5,1827,24.3,153,0,0,V1,2026-09-23 15:25:21
L,297.1,308.5,1425,40.0,35,0,0,V1,2026-09-23 15:25:21
M,302.0,310.6,1563,41.0,184,0,0,V1,2026-09-23 15:25:21
L,302.2,310.8,1340,47.8,54,1,0,V1,2026-09-23 15:25:21
L,300.8,312.4,1465,59.1,91,0,1,V1,2026-09-23 15:25:21
L,295.8,306.4,1339,53.2,67,0,0,V1,2026-09-23 15:25:21
M,301.7,311.0,1505,44.0,187,0,0,V1,2026-09-23 15:25:21
M,300.7,310.9,1486,38.9,106,0,0,V1,2026-09-23 15:25:21
L,301.9,309.6,1446,43.2,225,0,0,V1,2026-09-23 15:25:21
H,302.4,311.6,1544,39.1,70,0,0,V1,2026-09-23 15:25:21
M,298.4,309.3,1355,50.6,8,0,0,V1,2026-09-23 15:25:21
L,300.5,311.5,1490,38.4,67,0,0,V1,2026-09-23 15:25:21
M,302.2,311.3,1510,36.6,91,0,0,V1,2026-09-23 15:25:21
M,302.9,312.5,1924,24.0,17,0,0,V1,2026-09-23 15:25:21
L,300.4,309.6,1356,45.9,64,0,0,V1,2026-09-23 15:25:21
L,300.1,309.5,1557,40.6,59,0,0,V1,2026-09-23 15:25:21
M,299.1,308.2,1435,45.2,45,0,0,V1,2026-09-23 15:25:21
M,298.7,309.7,1622,34.6,8,0,0,V1,2026-09-23 15:25:21
L,298.4,308.0,1515,42.8,125,0,0,V1,2026-09-23 15:25:21
M,299.9,309.2,1539,43.2,132,0,0,V1,2026-09-23 15:25:21
L,301.4,310.7,1487,44.6,88,0,0,V1,2026-09-23 15:25:21
H,300.9,312.0,1397,42.7,212,0,0,V1,2026-09-23 15:25:21
M,299.8,309.7,1910,21.8,141,0,0,V1,2026-09-23 15:25:21
L,302.4,311.2,1466,43.9,152,0,0,V1,2026-09-23 15:25:21
L,303.0,312.7,1551,41.8,111,0,0,V1,2026-09-23 15:25:21
M,300.3,309.9,1494,38.5,33,0,0,V1,2026-09-23 15:25:21
H,298.3,308.6,1432,49.5,91,0,0,V1,2026-09-23 15:25:21
M,297.5,309.4,1678,34.4,148,0,0,V1,2026-09-23 15:25:21
L,297.8,308.9,1871,25.6,200,0,1,V1,2026-09-23 15:25:21
L,302.8,310.8,1402,50.5,30,0,0,V1,2026-09-23 15:25:21
L,297.5,308.4,1440,35.9,13,0,0,V1,2026-09-23 15:25:21
H,296.4,307.1,1638,32.5,146,0,0,V1,2026-09-23 15:25:21
L,298.8,310.1,1574,36.2,181,0,0,V1,2026-09-23 15:25:21
L,300.7,312.3,1548,37.9,58,0,0,V1,2026-09-23 15:25:21
M,302.3,310.9,1360,44.0,67,0,1,V1,2026-09-23 15:25:21
L,301.3,310.6,1556,39.0,72,0,0,V1,2026-09-23 15:25:21
M,298.4,309.3,1496,45.6,129,0,0,V1,2026-09-23 15:25:21
H,297.7,307.2,1429,44.1,26,0,0,V1,2026-09-23 15:25:21
L,298.0,307.7,1387,50.8,204,0,0,V1,2026-09-23 15:25:21
L,303.8,312.6,1793,28.1,170,0,0,V1,2026-09-23 15:25:21
L,302.2,311.5,1567,33.1,168,0,0,V1,2026-09-23 15:25:21
L,298.7,309.7,1547,37.4,0,0,0,V1,2026-09-23 15:25:21
M,297.4,308.5,1472,42.0,150,0,0,V1,2026-09-23 15:25:21
L,299.7,310.4,1614,36.2,108,0,0,V1,2026-09-23 15:25:21
H,300.2,310.4,1501,42.9,212,0,0,V1,2026-09-23 15:25:21
L,301.6,310.6,1621,33.7,137,0,0,V1,2026-09-23 15:25:21
M,298.9,310.0,1456,43.8,15,0,0,V1,2026-09-23 15:25:21
L,300.4,310.0,1581,30.3,42,0,0,V1,2026-09-23 15:25:21
M,299.7,310.7,1498,37.8,146,0,0,V1,2026-09-23 15:25:21
L,299.7,309.2,1616,31.6,175,0,0,V1,2026-09-23 15:25:21
L,298.2,308.0,1535,38.0,179,0,0,V1,2026-09-23 15:25:21
M,299.7,309.3,1399,41.9,221,0,1,V1,2026-09-23 15:25:21
M,300.7,311.8,1407,42.4,224,0,0,V1,2026-09-23 15:25:21
L,301.7,309.9,1524,46.6,104,0,0,V1,2026-09-23 15:25:21
H,300.4,311.3,2026,20.3,26,0,0,V1,2026-09-23 15:25:21
L,299.3,308.8,1636,29.9,201,0,0,V1,2026-09-23 15:25:21
M,297.3,308.0,1598,29.4,148,0,0,V1,2026-09-23 15:25:21
H,298.6,309.7,1672,27.5,54,0,0,V1,2026-09-23 15:25:21
L,298.4,309.4,1385,43.2,119,0,0,V1,2026-09-23 15:25:21
L,299.9,309.3,1473,40.4,59,0,0,V1,2026-09-23 15:25:21
M,300.6,309.8,1694,31.1,187,0,0,V1,2026-09-23 15:25:21
L,301.2,310.8,1233,64.6,45,1,0,V1,2026-09-23 15:25:21
M,300.1,309.3,1469,43.9,20,0,0,V1,2026-09-23 15:25:21
L,299.2,309.1,1578,38.1,109,0,0,V1,2026-09-23 15:25:21
M,299.6,309.0,1539,36.1,76,0,0,V1,2026-09-23 15:25:21
M,300.3,309.9,1447,46.5,28,0,0,V1,2026-09-23 15:25:21
L,299.2,308.6,1267,68.2,76,1,1,V1,2026-09-23 15:25:21
L,302.4,311.4,1475,40.4,126,0,0,V1,2026-09-23 15:25:21
L,301.1,312.3,1587,34.5,115,0,0,V1,2026-09-23 15:25:21
M,297.4,308.7,1798,23.0,135,0,0,V1,2026-09-23 15:25:21
L,298.2,307.8,1515,46.7,74,0,0,V1,2026-09-23 15:25:21
L,302.4,311.4,1831,26.9,121,0,0,V1,2026-09-23 15:25:21
L,298.7,308.4,1373,46.9,60,0,0,V1,2026-09-23 15:25:21
M,297.6,309.5,1709,32.2,65,0,0,V1,2026-09-23 15:25:21
H,297.6,309.6,1428,46.6,13,0,0,V1,2026-09-23 15:25:21
H,298.6,309.1,1423,44.3,29,0,0,V1,2026-09-23 15:25:21
L,303.7,312.5,1481,33.3,182,0,0,V1,2026-09-23 15:25:21
L,298.7,309.9,1593,42.5,146,0,0,V1,2026-09-23 15:25:21
L,300.4,310.8,1390,52.5,144,0,0,V1,2026-09-23 15:25:21
L,297.7,308.4,1487,41.4,84,0,0,V1,2026-09-23 15:25:21
M,300.7,311.7,1412,49.1,219,0,0,V1,2026-09-23 15:25:21
M,301.1,310.7,1621,31.0,108,0,0,V1,2026-09-23 15:25:21
H,298.8,308.2,1450,44.7,14,0,0,V1,2026-09-23 15:25:21
L,297.5,308.3,1435,40.3,197,0,0,V1,2026-09-23 15:25:21
H,299.0,310.4,1677,30.8,73,0,0,V1,2026-09-23 15:25:21
L,299.6,309.1,1369,51.4,164,0,0,V1,2026-09-23 15:25:21
L,300.7,310.2,1569,32.8,31,0,0,V1,2026-09-23 15:25:21
M,300.8,311.4,1852,22.2,53,0,0,V1,2026-09-23 15:25:21
M,299.5,309.3,1675,29.2,132,0,0,V1,2026-09-23 15:25:21
L,300.3,311.1,1388,49.4,128,0,0,V1,2026-09-23 15:25:21
L,300.8,311.4,1492,40.6,20,0,0,V1,2026-09-23 15:25:21
L,297.3,307.9,1628,30.2,80,0,0,V1,2026-09-23 15:25:21
L,302.3,311.0,1428,47.9,174,0,0,V1,2026-09-23 15:25:21
M,299.7,309.2,1608,34.4,68,0,0,V1,2026-09-23 15:25:21
L,303.5,311.6,1428,46.2,139,0,0,V1,2026-09-23 15:25:21
L,298.9,308.6,1400,49.5,79,0,0,V1,2026-09-23 15:25:21
H,297.3,308.0,1384,49.1,206,0,0,V1,2026-09-23 15:25:21
L,298.4,309.5,1520,38.1,106,0,0,V1,2026-09-23 15:25:21
M,302.7,312.4,1422,44.5,49,0,0,V1,2026-09-23 15:25:21
L,298.8,310.5,1384,52.8,200,0,0,V1,2026-09-23 15:25:21
L,297.7,309.3,1559,36.9,145,0,0,V1,2026-09-23 15:25:21
M,296.6,307.5,1566,35.0,201,0,0,V1,2026-09-23 15:25:21
L,300.1,310.5,1500,39.8,107,0,0,V1,2026-09-23 15:25:21
M,300.0,309.6,1587,32.6,152,0,0,V1,2026-09-23 15:25:21
M,300.9,310.0,1600,36.0,204,0,0,V1,2026-09-23 15:25:21
M,299.2,310.3,1551,44.8,18,0,0,V1,2026-09-23 15:25:21
M,302.0,310.6,1623,34.3,9,0,0,V1,2026-09-23 15:25:21
M,302.5,311.9,1340,59.4,60,1,0,V1,2026-09-23 15:25:21
M,304.2,313.4,1329,54.5,75,0,0,V1,2026-09-23 15:25:21
H,297.4,308.7,1726,26.8,158,0,0,V1,2026-09-23 15:25:21
L,300.9,310.8,1708,29.1,14,0,0,V1,2026-09-23 15:25:21
L,297.5,309.0,1320,54.7,179,0,0,V1,2026-09-23 15:25:21
L,298.9,310.2,1562,42.5,179,0,0,V1,2026-09-23 15:25:21
M,297.3,308.5,1664,28.9,174,0,0,V1,2026-09-23 15:25:21
M,304.3,313.3,1540,39.0,14,0,0,V1,2026-09-23 15:25:21
M,301.2,310.4,1697,30.0,120,0,0,V1,2026-09-23 15:25:21
M,300.8,310.2,1598,36.5,195,0,0,V1,2026-09-23 15:25:21
M,301.1,311.1,1592,35.7,174,0,0,V1,2026-09-23 15:25:21
H,301.5,310.9,1524,40.4,124,0,0,V1,2026-09-23 15:25:21
M,298.4,308.6,1527,40.9,96,0,0,V1,2026-09-23 15:25:21
L,296.7,307.7,1502,43.9,84,0,0,V1,2026-09-23 15:25:21
L,299.0,310.0,1360,48.1,37,0,0,V1,2026-09-23 15:25:21
L,302.6,311.8,1638,35.1,17,0,0,V1,2026-09-23 15:25:21
L,302.6,312.2,1377,45.5,54,0,0,V1,2026-09-23 15:25:21
M,302.3,311.7,1640,31.5,199,0,0,V1,2026-09-23 15:25:21
L,302.3,310.8,1421,41.4,102,0,0,V1,2026-09-23 15:25:21
L,302.0,310.7,1657,31.9,37,0,0,V1,2026-09-23 15:25:21
L,300.7,311.1,1688,30.7,161,0,0,V1,2026-09-23 15:25:21
M,299.0,310.4,1394,45.2,122,0,0,V1,2026-09-23 15:25:21
L,295.6,306.1,1372,55.6,215,0,1,V1,2026-09-23 15:25:21
M,302.2,310.9,1771,27.6,54,0,0,V1,2026-09-23 15:25:21
L,300.3,309.5,1551,37.9,42,0,0,V1,2026-09-23 15:25:21
L,299.0,310.3,1577,40.0,181,0,0,V1,2026-09-23 15:25:21
M,297.5,308.1,1907,23.5,125,0,0,V1,2026-09-23 15:25:21
L,303.1,312.6,1548,36.4,150,0,0,V1,2026-09-23 15:25:21
L,302.7,310.5,1642,30.8,195,0,0,V1,2026-09-23 15:25:21
M,299.0,310.1,1593,35.4,5,0,0,V1,2026-09-23 15:25:21
L,297.9,308.8,1386,48.6,75,0,0,V1,2026-09-23 15:25:21
L,300.8,310.2,1492,46.3,187,0,0,V1,2026-09-23 15:25:21
H,299.3,310.4,1548,41.6,25,0,0,V1,2026-09-23 15:25:21
L,302.4,311.8,1433,42.2,134,0,0,V1,2026-09-23 15:25:21
M,298.4,309.5,1484,41.7,119,0,0,V1,2026-09-23 15:25:21
L,303.5,312.3,1946,21.1,112,0,0,V1,2026-09-23 15:25:21
L,299.2,308.2,1466,41.3,8,0,0,V1,2026-09-23 15:25:21
L,299.9,309.3,1471,41.8,109,0,0,V1,2026-09-23 15:25:21
L,297.6,309.4,1628,33.4,229,0,0,V1,2026-09-23 15:25:21
L,300.5,311.9,1350,51.7,18,0,0,V1,2026-09-23 15:25:21
L,300.4,309.7,1488,35.7,177,0,0,V1,2026-09-23 15:25:21
M,300.5,310.5,1469,42.9,14,0,0,V1,2026-09-23 15:25:21
L,299.0,310.4,1512,38.8,109,0,0,V1,2026-09-23 15:25:21
L,302.1,311.4,1686,30.9,106,0,0,V1,2026-09-23 15:25:21
M,296.1,307.0,1523,42.0,164,0,0,V1,2026-09-23 15:25:21
L,300.5,311.7,1811,26.8,47,0,0,V1,2026-09-23 15:25:21
M,298.8,309.8,1288,61.9,79,0,0,V1,2026-09-23 15:25:21
M,297.4,308.7,1392,46.4,174,0,0,V1,2026-09-23 15:25:21
L,298.9,310.2,1411,46.5,202,0,0,V1,2026-09-23 15:25:21
L,296.2,307.3,1711,29.9,42,0,0,V1,2026-09-23 15:25:21
M,297.9,309.9,1410,55.4,188,0,0,V1,2026-09-23 15:25:21
M,299.1,308.5,1592,34.2,153,0,0,V1,2026-09-23 15:25:21
L,298.7,309.8,1322,57.0,140,0,0,V1,2026-09-23 15:25:21
L,298.9,310.3,1484,43.8,124,0,0,V1,2026-09-23 15:25:21
L,298.0,307.5,1644,32.8,215,1,0,V1,2026-09-23 15:25:21
M,298.8,310.6,1640,33.8,9,0,0,V1,2026-09-23 15:25:21
L,297.1,308.2,1351,56.6,126,0,0,V1,2026-09-23 15:25:21
L,298.2,307.8,1749,26.1,66,0,0,V1,2026-09-23 15:25:21
L,301.8,310.8,1456,46.6,35,0,0,V1,2026-09-23 15:25:21
L,295.5,306.0,1621,29.5,176,0,0,V1,2026-09-23 15:25:21
L,296.9,307.8,1466,45.7,153,0,0,V1,2026-09-23 15:25:21
L,302.5,311.4,1759,24.6,124,0,0,V1,2026-09-23 15:25:21
M,301.4,310.0,1651,29.8,44,0,0,V1,2026-09-23 15:25:21
L,298.9,310.2,1498,50.2,160,0,0,V1,2026-09-23 15:25:21
L,299.0,308.6,1648,30.8,98,0,0,V1,2026-09-23 15:25:21
L,297.6,308.5,1572,35.9,71,0,0,V1,2026-09-23 15:25:21
L,298.6,309.3,1449,46.5,26,0,0,V1,2026-09-23 15:25:21
L,297.8,308.4,1512,39.9,181,0,0,V1,2026-09-23 15:25:21
M,303.7,312.4,1546,33.7,149,0,0,V1,2026-09-23 15:25:21
M,301.7,309.9,1452,41.5,86,0,0,V1,2026-09-23 15:25:21
L,298.4,309.1,1798,29.6,81,0,0,V1,2026-09-23 15:25:21
M,298.9,309.6,1284,55.3,166,0,0,V1,2026-09-23 15:25:21
L,298.4,308.7,1523,36.1,126,0,0,V1,2026-09-23 15:25:21
L,301.5,310.5,1593,32.9,155,0,0,V1,2026-09-23 15:25:21
L,297.2,308.1,1662,31.3,0,0,0,V1,2026-09-23 15:25:21
L,299.8,310.9,2084,17.6,175,0,0,V1,2026-09-23 15:25:21
L,298.6,309.1,1537,35.7,198,0,0,V1,2026-09-23 15:25:21
L,302.6,312.1,1782,26.8,198,0,0,V1,2026-09-23 15:25:21
L,301.4,311.1,1495,36.3,193,0,0,V1,2026-09-23 15:25:21
M,299.1,308.7,2008,20.3,178,0,0,V1,2026-09-23 15:25:21
L,297.4,308.6,1459,41.3,196,0,0,V1,2026-09-23 15:25:21
L,297.8,309.2,1372,47.3,15,0,0,V1,2026-09-23 15:25:21
L,297.7,308.2,1334,53.0,156,0,0,V1,2026-09-23 15:25:21
L,300.7,309.8,1596,31.5,123,0,0,V1,2026-09-23 15:25:21
L,299.4,309.1,1464,40.5,215,0,0,V1,2026-09-23 15:25:21
L,298.4,309.7,1530,38.6,161,0,0,V1,2026-09-23 15:25:21
M,296.7,307.8,1672,32.4,113,0,0,V1,2026-09-23 15:25:21
L,302.9,312.4,1383,51.4,160,0,0,V1,2026-09-23 15:25:21
M,301.5,310.7,1347,47.9,29,0,0,V1,2026-09-23 15:25:21
L,301.5,310.1,1430,46.5,35,0,0,V1,2026-09-23 15:25:21
L,296.8,308.0,1666,29.8,41,0,0,V1,2026-09-23 15:25:21
H,298.6,309.4,1362,45.3,56,0,0,V1,2026-09-23 15:25:21
L,299.7,309.1,1713,33.5,141,0,0,V1,2026-09-23 15:25:21
L,297.9,307.6,1687,29.1,176,0,0,V1,2026-09-23 15:25:21
L,300.2,311.4,1483,44.4,141,0,0,V1,2026-09-23 15:25:21
L,300.5,310.6,1448,46.3,173,0,0,V1,2026-09-23 15:25:21
H,303.3,311.8,1806,27.7,44,0,0,V1,2026-09-23 15:25:21
L,303.3,311.6,1514,34.7,130,0,0,V1,2026-09-23 15:25:21
L,301.0,310.4,1563,34.4,124,0,0,V1,2026-09-23 15:25:21
L,299.1,308.2,1568,33.3,123,0,0,V1,2026-09-23 15:25:21
L,297.4,308.6,1476,42.3,107,0,0,V1,2026-09-23 15:25:21
M,297.4,308.8,1359,48.7,220,0,0,V1,2026-09-23 15:25:21
M,298.4,308.1,1495,46.0,203,0,0,V1,2026-09-23 15:25:21
L,296.6,307.5,1485,42.7,204,0,0,V1,2026-09-23 15:25:21
L,296.4,307.5,1549,36.1,58,0,0,V1,2026-09-23 15:25:21
M,298.1,307.8,1569,31.2,131,0,0,V1,2026-09-23 15:25:21
H,298.8,308.5,1359,47.6,85,0,0,V1,2026-09-23 15:25:21
M,298.1,308.8,1378,53.5,65,0,0,V1,2026-09-23 15:25:21
M,298.7,309.9,1458,40.2,137,0,0,V1,2026-09-23 15:25:21
M,298.7,309.6,1686,26.2,189,0,0,V1,2026-09-23 15:25:21
L,298.2,308.9,1605,32.0,79,0,0,V1,2026-09-23 15:25:21
L,299.1,310.2,1496,45.0,104,0,0,V1,2026-09-23 15:25:21
L,302.3,311.3,1682,34.4,127,0,0,V1,2026-09-23 15:25:21
M,302.5,311.0,1463,43.1,181,0,0,V1,2026-09-23 15:25:21
L,300.1,309.6,1565,34.8,32,0,0,V1,2026-09-23 15:25:21
L,303.8,313.3,1406,52.1,166,0,0,V1,2026-09-23 15:25:21
L,295.6,306.2,1443,48.9,33,0,0,V1,2026-09-23 15:25:21
H,301.4,310.3,1611,41.5,11,0,0,V1,2026-09-23 15:25:21
L,299.8,309.9,1553,36.6,157,0,0,V1,2026-09-23 15:25:21
L,303.7,312.7,1335,51.1,161,0,0,V1,2026-09-23 15:25:21
L,300.6,310.6,1508,34.8,62,0,0,V1,2026-09-23 15:25:21
M,300.0,309.6,1573,39.7,162,0,0,V1,2026-09-23 15:25:21
M,298.6,309.4,1465,41.1,30,0,0,V1,2026-09-23 15:25:21
L,301.7,310.1,1500,39.6,56,0,0,V1,2026-09-23 15:25:21
L,300.0,311.4,1927,24.6,132,0,0,V1,2026-09-23 15:25:21
H,302.5,311.5,1496,43.8,218,0,0,V1,2026-09-23 15:25:21
M,298.6,309.2,1742,30.0,37,0,0,V1,2026-09-23 15:25:21
L,300.4,309.3,1766,28.2,207,0,0,V1,2026-09-23 15:25:21
H,300.8,310.4,1419,46.4,200,0,0,V1,2026-09-23 15:25:21
M,298.0,308.7,1494,42.6,96,0,0,V1,2026-09-23 15:25:21
H,297.3,308.1,1554,42.4,158,0,0,V1,2026-09-23 15:25:21
L,298.0,307.7,1643,32.3,200,0,0,V1,2026-09-23 15:25:21
M,302.0,311.0,1980,21.5,20,0,0,V1,2026-09-23 15:25:21
L,298.7,310.1,1641,31.1,49,0,0,V1,2026-09-23 15:25:21
M,299.9,309.4,1399,54.8,3,0,0,V1,2026-09-23 15:25:21
M,296.9,308.0,1430,55.9,71,0,0,V1,2026-09-23 15:25:21
L,302.5,311.9,1497,41.6,123,0,0,V1,2026-09-23 15:25:21
L,299.9,310.4,1328,49.9,206,1,0,V1,2026-09-23 15:25:21
M,297.6,308.6,1492,35.5,88,0,0,V1,2026-09-23 15:25:21
L,301.2,312.4,1480,53.5,97,0,0,V1,2026-09-23 15:25:21
L,298.9,308.3,1576,36.6,7,0,0,V1,2026-09-23 15:25:21
L,296.9,308.4,1557,32.4,173,0,0,V1,2026-09-23 15:25:21
M,302.1,310.6,1326,59.1,88,1,1,V1,2026-09-23 15:25:21
L,300.2,309.8,1827,23.0,6,0,0,V1,2026-09-23 15:25:21
L,301.1,311.2,1910,20.2,41,0,0,V1,2026-09-23 15:25:21
L,299.8,309.1,1485,39.9,207,0,0,V1,2026-09-23 15:25:21
H,300.6,309.4,1380,47.6,246,0,1,V1,2026-09-23 15:25:21
M,303.4,312.7,1399,48.4,34,0,0,V1,2026-09-23 15:25:21
M,298.9,308.2,1335,47.8,40,0,0,V1,2026-09-23 15:25:21
L,298.2,307.8,1476,36.8,134,0,0,V1,2026-09-23 15:25:21
L,298.0,308.4,1911,22.0,13,0,0,V1,2026-09-23 15:25:21
L,302.3,310.9,1459,35.0,32,0,0,V1,2026-09-23 15:25:21
M,302.6,312.1,2000,21.9,200,0,0,V1,2026-09-23 15:25:21
M,298.8,310.0,1295,52.7,74,0,0,V1,2026-09-23 15:25:21
L,303.0,311.2,1511,45.7,184,0,0,V1,2026-09-23 15:25:21
L,298.0,309.1,1820,23.6,120,0,0,V1,2026-09-23 15:25:21
M,299.9,311.3,1703,28.4,134,0,0,V1,2026-09-23 15:25:21
L,301.1,312.2,1397,54.9,81,0,0,V1,2026-09-23 15:25:21
M,302.2,311.7,1466,49.0,66,0,0,V1,2026-09-23 15:25:21
L,301.1,310.6,1417,47.6,10,0,0,V1,2026-09-23 15:25:21
L,301.7,310.7,1542,40.0,188,0,0,V1,2026-09-23 15:25:21
M,300.6,309.8,1447,42.9,12,0,0,V1,2026-09-23 15:25:21
L,302.5,312.0,2052,18.9,40,0,0,V1,2026-09-23 15:25:21
H,299.3,308.9,1429,43.0,96,0,0,V1,2026-09-23 15:25:21
M,301.9,310.9,1641,33.2,3,0,0,V1,2026-09-23 15:25:21
L,297.9,307.8,1505,37.3,100,0,0,V1,2026-09-23 15:25:21
L,300.7,310.2,1387,50.6,83,0,0,V1,2026-09-23 15:25:21
L,299.0,310.4,1524,39.8,120,0,0,V1,2026-09-23 15:25:21
L,300.3,311.8,1746,26.3,187,0,0,V1,2026-09-23 15:25:21
L,303.8,312.9,1589,37.2,203,0,0,V1,2026-09-23 15:25:21
L,297.9,307.3,1824,26.3,5,0,0,V1,2026-09-23 15:25:21
H,299.9,309.8,1400,48.7,119,0,0,V1,2026-09-23 15:25:21
H,297.4,308.9,1645,30.8,196,0,0,V1,2026-09-23 15:25:21
H,303.3,312.6,1692,29.0,125,0,0,V1,2026-09-23 15:25:21
L,299.8,309.6,1374,51.6,137,0,0,V1,2026-09-23 15:25:21
M,302.8,311.0,1507,33.4,82,0,0,V1,2026-09-23 15:25:21
L,295.8,306.5,1505,35.2,86,0,0,V1,2026-09-23 15:25:21
L,304.0,313.3,1530,34.8,211,0,0,V1,2026-09-23 15:25:21
M,298.2,308.7,1426,42.6,23,0,0,V1,2026-09-23 15:25:21
L,298.5,309.5,1738,25.2,49,0,0,V1,2026-09-23 15:25:21
M,297.5,308.4,1596,36.6,80,0,0,V1,2026-09-23 15:25:21
L,300.0,309.5,1717,28.3,48,0,0,V1,2026-09-23 15:25:21
M,300.0,311.4,1352,61.8,10,0,0,V1,2026-09-23 15:25:21
M,298.0,307.9,1479,47.6,76,0,0,V1,2026-09-23 15:25:21
M,303.7,312.9,1406,41.9,48,0,0,V1,2026-09-23 15:25:21
L,299.7,309.0,1412,49.2,85,0,0,V1,2026-09-23 15:25:21
L,300.5,309.8,1461,52.5,146,0,0,V1,2026-09-23 15:25:21
M,300.7,311.3,1487,39.8,50,0,0,V1,2026-09-23 15:25:21
L,302.4,311.9,1290,70.0,139,1,1,V1,2026-09-23 15:25:21
L,300.8,311.2,1492,39.0,109,0,0,V1,2026-09-23 15:25:21
M,301.0,312.0,1499,34.6,207,0,0,V1,2026-09-23 15:25:21
L,299.7,311.1,1650,32.4,60,0,0,V1,2026-09-23 15:25:21
L,298.0,307.7,1442,43.6,148,0,0,V1,2026-09-23 15:25:21
M,299.2,308.9,1521,42.3,215,0,0,V1,2026-09-23 15:25:21
H,298.6,308.4,1407,50.5,164,0,0,V1,2026-09-23 15:25:21
H,298.7,308.5,1420,45.7,143,0,0,V1,2026-09-23 15:25:21
L,299.7,309.4,1399,39.9,91,0,0,V1,2026-09-23 15:25:21
M,296.9,307.8,1840,24.6,157,0,0,V1,2026-09-23 15:25:21
L,300.7,312.0,1550,32.4,5,0,0,V1,2026-09-23 15:25:21
M,302.5,311.9,1524,34.8,86,0,0,V1,2026-09-23 15:25:21
L,304.1,313.6,1382,46.7,134,0,0,V1,2026-09-23 15:25:21
L,298.2,308.0,1658,30.0,3,0,0,V1,2026-09-23 15:25:21
L,298.8,309.8,1363,44.0,25,0,0,V1,2026-09-23 15:25:21
L,302.9,312.3,1530,34.9,185,0,0,V1,2026-09-23 15:25:21
H,298.1,309.1,1425,44.5,49,0,0,V1,2026-09-23 15:25:21
M,300.2,311.3,1587,31.2,73,0,0,V1,2026-09-23 15:25:21
L,301.6,310.6,1562,34.4,162,0,0,V1,2026-09-23 15:25:21
L,301.8,311.5,1443,43.3,134,0,0,V1,2026-09-23 15:25:21
M,298.2,308.9,1414,44.3,68,0,0,V1,2026-09-23 15:25:21
M,302.2,311.5,1443,47.0,90,0,0,V1,2026-09-23 15:25:21
L,298.2,308.8,1540,34.8,32,0,0,V1,2026-09-23 15:25:21
L,300.8,311.6,1568,36.0,23,0,0,V1,2026-09-23 15:25:21
L,297.9,307.5,1574,35.8,153,0,0,V1,2026-09-23 15:25:21
M,302.6,311.0,1542,39.7,141,0,0,V1,2026-09-23 15:25:21
M,299.9,309.2,1389,51.2,185,0,0,V1,2026-09-23 15:25:21
M,303.4,312.1,1499,39.4,197,0,0,V1,2026-09-23 15:25:21
H,297.3,308.3,1461,41.5,108,0,0,V1,2026-09-23 15:25:21
M,297.2,308.5,1584,40.0,4,0,0,V1,2026-09-23 15:25:21
L,299.5,309.3,1409,44.7,46,0,0,V1,2026-09-23 15:25:21
M,298.0,307.6,1569,35.6,173,0,0,V1,2026-09-23 15:25:21
L,299.7,309.6,1399,51.3,144,0,0,V1,2026-09-23 15:25:21
M,302.5,311.0,1387,52.1,116,0,0,V1,2026-09-23 15:25:21
M,298.3,309.1,1488,40.6,176,0,0,V1,2026-09-23 15:25:21
L,300.0,309.4,1308,50.2,32,0,0,V1,2026-09-23 15:25:21
L,297.6,308.5,1475,42.4,24,0,0,V1,2026-09-23 15:25:21
L,300.3,311.3,1505,39.6,107,0,0,V1,2026-09-23 15:25:21
L,302.4,311.4,1450,44.1,56,0,0,V1,2026-09-23 15:25:21
L,301.8,310.0,2032,19.0,203,0,0,V1,2026-09-23 15:25:21
L,300.7,310.2,1696,27.5,73,0,0,V1,2026-09-23 15:25:21
L,296.2,306.9,1516,39.1,138,0,0,V1,2026-09-23 15:25:21
L,302.0,310.4,1464,47.2,159,0,0,V1,2026-09-23 15:25:21
L,302.9,311.0,1820,24.6,128,0,0,V1,2026-09-23 15:25:21
L,297.4,308.7,1638,31.9,131,0,0,V1,2026-09-23 15:25:21
L,300.1,311.7,1503,42.6,208,0,0,V1,2026-09-23 15:25:21
L,301.5,310.4,1270,54.2,26,0,0,V1,2026-09-23 15:25:21
M,302.3,311.0,1541,36.6,143,0,0,V1,2026-09-23 15:25:21
M,300.4,311.8,1707,30.0,165,0,0,V1,2026-09-23 15:25:21
L,302.0,310.9,1455,43.2,220,1,0,V1,2026-09-23 15:25:21
L,297.9,309.2,1478,39.7,10,0,0,V1,2026-09-23 15:25:21
L,301.7,310.2,1486,43.0,66,0,0,V1,2026-09-23 15:25:21
L,298.8,309.1,1477,42.4,158,0,0,V1,2026-09-23 15:25:21
L,299.1,308.5,1415,43.4,0,0,0,V1,2026-09-23 15:25:21
M,300.5,311.6,1658,30.4,170,0,0,V1,2026-09-23 15:25:21
L,299.8,309.3,1291,56.4,188,0,0,V1,2026-09-23 15:25:21
L,298.1,307.9,1517,40.8,50,0,0,V1,2026-09-23 15:25:21
L,302.3,311.4,1609,32.3,49,0,0,V1,2026-09-23 15:25:21
L,300.6,311.9,1472,44.2,126,0,0,V1,2026-09-23 15:25:21
L,299.0,308.5,1886,23.0,198,0,0,V1,2026-09-23 15:25:21
L,302.4,311.8,1255,59.0,138,1,0,V1,2026-09-23 15:25:21
L,296.9,307.7,1550,39.7,124,0,0,V1,2026-09-23 15:25:21
H,303.4,312.2,1554,36.8,85,0,0,V1,2026-09-23 15:25:21
M,300.6,309.8,1532,42.5,130,0,0,V1,2026-09-23 15:25:21
L,301.7,310.1,1487,48.0,36,0,0,V1,2026-09-23 15:25:21
L,301.4,310.6,1557,38.2,157,0,0,V1,2026-09-23 15:25:21
L,302.7,310.5,1563,35.0,8,0,0,V1,2026-09-23 15:25:21
H,300.9,311.4,1387,42.7,121,0,0,V1,2026-09-23 15:25:21
L,295.9,306.6,1679,30.4,117,0,0,V1,2026-09-23 15:25:21
L,300.5,311.9,1576,31.1,149,0,0,V1,2026-09-23 15:25:21
L,302.6,312.4,1386,45.8,38,0,0,V1,2026-09-23 15:25:21
M,302.3,311.6,1608,39.9,136,0,0,V1,2026-09-23 15:25:21
L,299.6,310.2,1381,60.5,13,0,0,V1,2026-09-23 15:25:21
M,301.3,311.5,1648,32.4,0,0,0,V1,2026-09-23 15:25:21
H,300.3,311.7,1655,29.9,193,0,0,V1,2026-09-23 15:25:21
L,302.3,311.5,1543,33.1,39,0,0,V1,2026-09-23 15:25:21
M,302.5,312.0,1451,43.2,189,0,0,V1,2026-09-23 15:25:21
M,301.7,311.0,1298,58.1,168,0,0,V1,2026-09-23 15:25:21
M,297.4,309.3,1775,25.8,91,0,0,V1,2026-09-23 15:25:21
M,297.2,307.9,1456,44.9,85,0,0,V1,2026-09-23 15:25:21
L,297.4,308.1,1348,53.7,68,0,0,V1,2026-09-23 15:25:21
M,301.4,310.5,1451,45.3,183,0,0,V1,2026-09-23 15:25:21
L,303.4,311.5,1879,21.3,78,0,0,V1,2026-09-23 15:25:21
L,299.0,310.4,1713,28.0,116,0,0,V1,2026-09-23 15:25:21
L,298.0,307.7,1606,30.8,17,0,0,V1,2026-09-23 15:25:21
L,302.8,311.0,1564,38.5,85,0,0,V1,2026-09-23 15:25:21
L,298.1,309.0,1502,40.9,153,0,0,V1,2026-09-23 15:25:21
L,301.3,311.1,1723,27.6,210,0,0,V1,2026-09-23 15:25:21
M,304.0,313.0,1575,34.5,92,0,0,V1,2026-09-23 15:25:21
M,303.9,313.1,1437,48.3,110,0,0,V1,2026-09-23 15:25:21
L,299.8,309.5,1641,27.1,16,0,0,V1,2026-09-23 15:25:21
L,302.2,311.4,1449,46.5,60,0,0,V1,2026-09-23 15:25:21
L,300.0,311.3,1520,39.2,43,0,0,V1,2026-09-23 15:25:21
M,301.4,310.8,1530,39.9,107,0,0,V1,2026-09-23 15:25:21
L,297.4,308.5,1418,51.2,52,0,0,V1,2026-09-23 15:25:21
L,297.3,308.3,2358,14.9,49,0,0,V1,2026-09-23 15:25:21
L,298.7,309.7,1667,30.4,92,0,0,V1,2026-09-23 15:25:21
L,300.3,309.8,1523,39.2,24,0,0,V1,2026-09-23 15:25:21
L,295.7,306.2,1464,46.2,92,0,0,V1,2026-09-23 15:25:21
L,298.4,309.1,1579,36.1,123,0,0,V1,2026-09-23 15:25:21
L,302.4,312.0,1305,49.1,16,1,0,V1,2026-09-23 15:25:21
L,298.5,310.0,1804,26.1,22,0,0,V1,2026-09-23 15:25:21
L,302.6,311.0,1660,38.0,99,0,0,V1,2026-09-23 15:25:21
M,297.1,308.5,1621,32.4,194,0,0,V1,2026-09-23 15:25:21
M,297.6,309.3,1529,41.9,3,0,0,V1,2026-09-23 15:25:21
L,298.1,307.7,1479,45.0,136,0,0,V1,2026-09-23 15:25:21
L,300.6,309.4,1442,43.2,96,0,0,V1,2026-09-23 15:25:21
L,302.4,311.9,1867,25.9,121,0,0,V1,2026-09-23 15:25:21
L,302.3,311.0,1442,43.7,152,0,0,V1,2026-09-23 15:25:21
L,300.3,311.8,1488,38.4,51,0,0,V1,2026-09-23 15:25:21
M,297.7,309.1,1732,28.1,167,0,0,V1,2026-09-23 15:25:21
L,300.4,310.5,1402,54.3,44,0,0,V1,2026-09-23 15:25:21
H,299.5,309.1,1548,44.3,40,0,0,V1,2026-09-23 15:25:21
M,301.0,310.7,1493,48.1,145,0,0,V1,2026-09-23 15:25:21
L,302.6,310.9,1331,52.0,154,1,1,V1,2026-09-23 15:25:21
L,301.4,309.9,1259,63.9,20,1,1,V1,2026-09-23 15:25:21
H,299.2,308.7,1375,55.1,78,0,0,V1,2026-09-23 15:25:21
L,300.1,309.6,1321,46.9,75,0,0,V1,2026-09-23 15:25:21
H,298.9,310.2,1771,26.8,216,0,0,V1,2026-09-23 15:25:21
M,300.3,311.1,1477,44.2,166,0,0,V1,2026-09-23 15:25:21
L,301.3,310.8,1390,57.4,164,0,0,V1,2026-09-23 15:25:21
L,299.1,308.3,1489,38.1,32,0,0,V1,2026-09-23 15:25:21
H,298.2,310.0,1433,44.2,68,0,0,V1,2026-09-23 15:25:21
M,296.2,307.2,1385,44.0,5,0,0,V1,2026-09-23 15:25:21
M,298.2,307.7,1608,33.8,106,0,0,V1,2026-09-23 15:25:21
L,301.1,310.1,1489,45.8,42,0,0,V1,2026-09-23 15:25:21
L,298.7,310.1,1620,34.8,112,0,0,V1,2026-09-23 15:25:21
L,303.9,312.6,1426,53.4,172,0,0,V1,2026-09-23 15:25:21
L,302.6,312.3,1647,31.8,52,0,0,V1,2026-09-23 15:25:21
L,301.2,310.8,1479,38.2,139,0,0,V1,2026-09-23 15:25:21
L,297.8,308.4,1374,47.1,150,0,0,V1,2026-09-23 15:25:21
M,300.2,310.6,1983,20.8,83,0,0,V1,2026-09-23 15:25:21
L,298.3,309.5,1711,30.3,148,0,0,V1,2026-09-23 15:25:21
L,298.7,308.5,1353,47.0,190,0,0,V1,2026-09-23 15:25:21
M,297.3,308.4,1521,38.2,87,0,0,V1,2026-09-23 15:25:21
L,300.2,310.2,1530,48.5,15,0,0,V1,2026-09-23 15:25:21
L,297.5,308.3,2564,12.8,127,1,1,V1,2026-09-23 15:25:21
L,303.8,313.2,1336,47.8,176,0,0,V1,2026-09-23 15:25:21
L,299.8,310.4,1579,36.4,0,0,0,V1,2026-09-23 15:25:21
L,301.3,310.8,1432,54.4,51,0,0,V1,2026-09-23 15:25:21
L,301.4,310.7,1428,53.7,176,0,0,V1,2026-09-23 15:25:21
M,300.7,310.6,1418,46.3,84,0,0,V1,2026-09-23 15:25:21
L,301.0,310.9,1492,44.6,15,0,0,V1,2026-09-23 15:25:21
L,302.2,310.1,1458,45.1,15,0,0,V1,2026-09-23 15:25:21
M,299.1,310.0,1437,41.1,192,0,0,V1,2026-09-23 15:25:21
M,301.6,310.5,1414,49.3,106,0,0,V1,2026-09-23 15:25:21
H,297.8,307.8,1662,30.7,48,0,0,V1,2026-09-23 15:25:21
M,298.7,310.0,1459,40.2,69,0,0,V1,2026-09-23 15:25:21
M,303.3,311.5,1384,54.8,48,0,0,V1,2026-09-23 15:25:21
M,300.2,310.4,1530,35.7,80,0,0,V1,2026-09-23 15:25:21
L,297.5,308.7,1371,46.5,121,0,0,V1,2026-09-23 15:25:21
L,298.0,308.6,1313,50.8,170,0,0,V1,2026-09-23 15:25:21
L,298.7,309.7,1881,21.7,29,0,0,V1,2026-09-23 15:25:21
M,302.3,310.1,1731,33.4,112,0,0,V1,2026-09-23 15:25:21
L,300.9,311.1,1457,37.4,96,0,0,V1,2026-09-23 15:25:21
M,302.3,311.7,1494,37.1,114,0,0,V1,2026-09-23 15:25:21
L,300.5,311.9,1546,39.4,203,0,0,V1,2026-09-23 15:25:21
M,299.0,310.3,1657,31.0,70,0,0,V1,2026-09-23 15:25:21
H,298.7,310.2,1613,36.0,0,0,0,V1,2026-09-23 15:25:21
L,300.7,309.6,1661,30.3,129,0,0,V1,2026-09-23 15:25:21
L,298.4,309.4,1540,43.2,141,0,0,V1,2026-09-23 15:25:21
L,302.2,311.3,1530,37.3,207,0,1,V1,2026-09-23 15:25:21
M,300.8,311.4,1521,39.9,15,0,0,V1,2026-09-23 15:25:21
L,302.2,310.0,1483,48.7,20,0,0,V1,2026-09-23 15:25:21
L,301.4,311.3,2323,15.9,50,0,0,V1,2026-09-23 15:25:21
L,302.3,311.5,1530,37.8,57,0,0,V1,2026-09-23 15:25:21
L,296.9,308.1,1435,45.3,62,0,0,V1,2026-09-23 15:25:21
L,298.7,309.6,1516,38.5,61,0,0,V1,2026-09-23 15:25:21
M,296.4,307.4,1416,50.0,210,0,0,V1,2026-09-23 15:25:21
M,301.8,311.0,1756,26.7,33,0,0,V1,2026-09-23 15:25:21
L,300.5,310.5,1452,42.9,29,0,0,V1,2026-09-23 15:25:21
L,302.5,310.5,1436,36.5,43,0,0,V1,2026-09-23 15:25:21
L,301.6,310.6,1455,43.9,0,0,0,V1,2026-09-23 15:25:21
L,298.5,309.7,1634,37.8,78,0,0,V1,2026-09-23 15:25:21
M,301.8,309.9,1334,61.0,182,1,1,V1,2026-09-23 15:25:21
H,302.3,311.7,1482,39.0,127,0,0,V1,2026-09-23 15:25:21
L,303.4,311.5,1501,36.2,69,0,0,V1,2026-09-23 15:25:21
L,297.5,308.6,1513,39.7,32,0,0,V1,2026-09-23 15:25:21
M,299.0,308.6,1645,33.4,22,0,0,V1,2026-09-23 15:25:21
L,300.8,310.8,1689,32.9,151,0,0,V1,2026-09-23 15:25:21
L,300.3,311.7,1571,31.2,123,0,0,V1,2026-09-23 15:25:21
L,301.8,310.6,1395,50.5,131,0,0,V1,2026-09-23 15:25:21
L,298.4,309.5,1450,47.9,112,0,0,V1,2026-09-23 15:25:21
L,297.9,307.6,1968,20.4,171,0,0,V1,2026-09-23 15:25:21
L,300.4,310.6,1429,46.9,19,0,0,V1,2026-09-23 15:25:21
L,299.5,309.1,1415,49.2,8,0,0,V1,2026-09-23 15:25:21
H,297.4,308.6,1420,45.8,120,0,0,V1,2026-09-23 15:25:21
M,302.3,311.7,1486,39.6,147,0,0,V1,2026-09-23 15:25:21
M,297.8,307.5,1405,46.9,113,0,0,V1,2026-09-23 15:25:21
L,300.1,310.1,1650,31.6,19,0,0,V1,2026-09-23 15:25:21
L,298.8,309.3,1450,44.8,63,0,0,V1,2026-09-23 15:25:21
M,297.5,308.6,1510,35.5,155,0,0,V1,2026-09-23 15:25:21
L,301.0,310.8,1475,35.3,19,0,0,V1,2026-09-23 15:25:21
L,298.2,308.8,1345,44.3,37,0,0,V1,2026-09-23 15:25:21
M,300.6,309.5,1530,40.2,93,0,0,V1,2026-09-23 15:25:21
M,296.9,308.1,1440,46.3,64,0,0,V1,2026-09-23 15:25:21
M,303.9,312.7,1485,43.3,174,0,0,V1,2026-09-23 15:25:21
L,302.3,310.9,1545,36.7,18,0,0,V1,2026-09-23 15:25:21
L,302.2,311.2,1381,49.4,207,1,0,V1,2026-09-23 15:25:21
L,300.1,310.1,1684,30.8,13,0,0,V1,2026-09-23 15:25:21
L,299.9,310.4,1408,38.4,144,0,0,V1,2026-09-23 15:25:21
M,298.0,308.6,1507,37.3,217,0,0,V1,2026-09-23 15:25:21
L,295.5,306.0,1800,27.6,208,0,0,V1,2026-09-23 15:25:21
M,299.0,308.8,1418,45.7,204,0,0,V1,2026-09-23 15:25:21
H,299.1,310.4,1405,53.6,86,0,0,V1,2026-09-23 15:25:21
H,299.4,309.0,1607,33.7,130,0,0,V1,2026-09-23 15:25:21
L,302.3,311.2,1786,24.3,81,0,0,V1,2026-09-23 15:25:21
H,298.4,307.9,1948,21.4,136,0,0,V1,2026-09-23 15:25:21
L,298.8,309.8,1493,38.5,132,0,0,V1,2026-09-23 15:25:21
M,300.1,309.4,1569,31.6,124,0,0,V1,2026-09-23 15:25:21
L,300.1,311.4,1660,31.4,38,0,0,V1,2026-09-23 15:25:21
L,302.2,311.2,1649,33.2,9,0,0,V1,2026-09-23 15:25:21
L,298.4,309.1,1423,48.0,135,0,0,V1,2026-09-23 15:25:21
L,299.3,308.6,1403,50.6,189,0,0,V1,2026-09-23 15:25:21
M,300.7,310.6,1609,27.6,108,0,0,V1,2026-09-23 15:25:21
L,296.8,307.6,1338,44.4,128,0,0,V1,2026-09-23 15:25:21
H,300.8,310.9,1425,44.0,33,0,0,V1,2026-09-23 15:25:21
L,297.8,307.3,1327,61.0,186,0,1,V1,2026-09-23 15:25:21
M,304.0,313.0,1685,28.2,66,0,0,V1,2026-09-23 15:25:21
L,302.7,312.2,1611,34.1,186,0,0,V1,2026-09-23 15:25:21
M,297.8,307.3,1804,26.0,222,0,0,V1,2026-09-23 15:25:21
L,300.2,309.3,1366,49.3,59,0,0,V1,2026-09-23 15:25:21
L,298.6,309.5,1450,44.3,7,0,0,V1,2026-09-23 15:25:21
L,299.1,310.5,1628,35.9,174,0,0,V1,2026-09-23 15:25:21
L,302.1,311.5,1533,39.4,26,0,0,V1,2026-09-23 15:25:21
L,301.8,311.3,1471,44.2,148,0,0,V1,2026-09-23 15:25:21
L,300.3,310.1,1483,39.9,174,0,0,V1,2026-09-23 15:25:21
H,300.8,311.2,1612,32.5,143,0,0,V1,2026-09-23 15:25:21
L,298.6,308.9,1327,58.8,9,0,0,V1,2026-09-23 15:25:21
L,298.0,307.7,1479,42.5,47,0,0,V1,2026-09-23 15:25:21
L,301.6,310.1,1687,26.6,16,0,0,V1,2026-09-23 15:25:21
H,303.0,311.2,1503,37.0,152,0,0,V1,2026-09-23 15:25:21
L,301.8,310.7,2092,18.6,51,0,0,V1,2026-09-23 15:25:21
M,297.3,308.3,1544,41.7,6,0,0,V1,2026-09-23 15:25:21
H,299.7,309.5,1375,46.8,86,0,0,V1,2026-09-23 15:25:21
M,301.6,310.2,1411,45.1,54,0,0,V1,2026-09-23 15:25:21
H,299.4,309.1,1373,44.1,81,0,0,V1,2026-09-23 15:25:21
L,302.1,311.2,1550,34.8,177,0,0,V1,2026-09-23 15:25:21
M,302.9,311.0,1437,49.9,55,0,0,V1,2026-09-23 15:25:21
H,299.9,310.1,1447,51.4,185,0,0,V1,2026-09-23 15:25:21
M,298.0,308.5,1666,31.0,198,0,0,V1,2026-09-23 15:25:21
H,299.0,310.1,1555,38.6,118,0,0,V1,2026-09-23 15:25:21
M,300.8,310.8,1520,38.0,45,0,0,V1,2026-09-23 15:25:21
M,297.9,309.2,1529,38.1,96,0,0,V1,2026-09-23 15:25:21
M,300.7,309.5,1470,48.7,21,0,0,V1,2026-09-23 15:25:21
L,302.3,311.7,1414,47.0,11,0,0,V1,2026-09-23 15:25:21
L,300.6,310.5,1509,43.1,31,0,0,V1,2026-09-23 15:25:21
L,296.3,307.4,1648,34.0,60,0,0,V1,2026-09-23 15:25:21
H,300.5,309.4,1502,34.3,40,0,0,V1,2026-09-23 15:25:21
L,302.3,311.1,1373,53.0,181,1,0,V1,2026-09-23 15:25:21
L,296.0,306.6,1511,35.2,119,0,0,V1,2026-09-23 15:25:21
L,299.9,311.4,1706,28.8,111,0,0,V1,2026-09-23 15:25:21
M,300.0,309.0,1368,45.8,81,0,0,V1,2026-09-23 15:25:21
L,297.2,308.1,1474,44.3,152,0,0,V1,2026-09-23 15:25:21
L,299.6,308.9,1613,30.8,80,0,0,V1,2026-09-23 15:25:21
L,302.3,311.2,1633,36.4,114,0,0,V1,2026-09-23 15:25:21
L,297.0,307.8,1385,56.4,202,1,1,V1,2026-09-23 15:25:21
L,301.8,310.2,2825,5.8,215,1,1,V1,2026-09-23 15:25:21
H,300.4,309.7,1500,35.2,112,0,0,V1,2026-09-23 15:25:21
L,300.8,309.7,1481,38.1,153,0,0,V1,2026-09-23 15:25:21
M,299.7,310.9,1685,32.1,88,0,0,V1,2026-09-23 15:25:21
L,297.4,309.0,1505,39.2,209,0,0,V1,2026-09-23 15:25:21
L,301.0,310.4,1614,31.6,84,0,0,V1,2026-09-23 15:25:21
H,300.7,309.7,1623,32.7,0,0,0,V1,2026-09-23 15:25:21
L,302.3,311.4,1504,38.7,65,0,0,V1,2026-09-23 15:25:21
M,298.4,308.2,1468,43.8,2,0,0,V1,2026-09-23 15:25:21
L,298.3,308.4,1528,37.3,160,0,0,V1,2026-09-23 15:25:21
L,298.2,308.7,1408,46.3,3,0,0,V1,2026-09-23 15:25:21
L,300.8,311.2,1434,45.6,174,0,0,V1,2026-09-23 15:25:21
M,300.6,309.6,1588,37.0,50,0,0,V1,2026-09-23 15:25:21
L,300.3,311.6,1374,47.4,197,0,0,V1,2026-09-23 15:25:21
L,297.8,308.5,1561,46.3,194,0,0,V1,2026-09-23 15:25:21
H,298.7,309.7,1311,54.5,52,0,0,V1,2026-09-23 15:25:21
L,300.7,310.4,1543,47.3,203,0,0,V1,2026-09-23 15:25:21
L,300.6,312.2,1308,54.7,52,0,0,V1,2026-09-23 15:25:21
M,297.9,308.5,1300,53.0,172,0,0,V1,2026-09-23 15:25:21
M,299.2,309.0,1597,30.3,115,0,0,V1,2026-09-23 15:25:21
L,298.4,308.9,1496,37.9,194,0,0,V1,2026-09-23 15:25:21
M,301.0,312.2,2710,9.7,143,1,1,V1,2026-09-23 15:25:21
L,299.7,310.3,1386,46.6,2,0,0,V1,2026-09-23 15:25:21
L,300.8,311.7,1432,45.8,6,0,0,V1,2026-09-23 15:25:21
L,303.9,313.0,1759,28.4,74,0,0,V1,2026-09-23 15:25:21
H,301.8,310.6,1441,46.3,100,0,0,V1,2026-09-23 15:25:21
L,298.2,308.4,1424,47.6,179,0,0,V1,2026-09-23 15:25:21
L,300.2,310.2,1415,49.6,21,0,0,V1,2026-09-23 15:25:21
M,297.3,308.4,1599,32.9,58,0,0,V1,2026-09-23 15:25:21
L,298.0,308.3,1362,56.8,216,1,1,V1,2026-09-23 15:25:21
L,302.6,311.5,1609,36.0,162,0,0,V1,2026-09-23 15:25:21
L,297.3,308.5,1384,39.6,144,0,0,V1,2026-09-23 15:25:21
M,301.4,310.7,1639,29.8,127,0,0,V1,2026-09-23 15:25:21
L,301.2,310.4,1390,49.9,74,0,0,V1,2026-09-23 15:25:21
M,300.3,311.7,1319,51.4,170,0,0,V1,2026-09-23 15:25:21
L,302.2,311.3,1602,32.8,120,0,0,V1,2026-09-23 15:25:21
L,297.4,308.2,1471,46.5,25,0,0,V1,2026-09-23 15:25:21
L,300.6,309.6,1409,42.4,57,0,0,V1,2026-09-23 15:25:21
L,297.7,308.4,1289,51.3,82,0,0,V1,2026-09-23 15:25:21
L,298.2,309.1,1350,52.0,136,0,0,V1,2026-09-23 15:25:21
L,298.8,309.9,1320,47.4,210,1,0,V1,2026-09-23 15:25:21
M,301.8,310.9,1346,44.6,142,0,0,V1,2026-09-23 15:25:21
M,300.7,311.7,1701,30.8,44,0,0,V1,2026-09-23 15:25:21
M,303.6,312.0,1645,35.7,81,0,0,V1,2026-09-23 15:25:21
L,297.8,307.3,1412,50.7,24,0,0,V1,2026-09-23 15:25:21
M,299.8,309.1,1268,58.0,90,0,0,V1,2026-09-23 15:25:21
M,299.5,310.7,1424,41.3,101,0,0,V1,2026-09-23 15:25:21
M,297.4,308.8,1325,62.4,204,1,1,V1,2026-09-23 15:25:21
M,296.2,306.8,1526,42.3,129,0,0,V1,2026-09-23 15:25:21
M,298.2,309.2,1332,60.2,147,0,0,V1,2026-09-23 15:25:21
L,303.0,311.3,1466,43.0,210,0,0,V1,2026-09-23 15:25:21
M,303.5,312.6,1642,29.4,18,0,0,V1,2026-09-23 15:25:21
L,301.3,311.0,1542,35.1,204,0,0,V1,2026-09-23 15:25:21
M,301.8,310.3,1409,52.5,26,0,0,V1,2026-09-23 15:25:21
L,298.3,309.4,1378,52.3,12,0,0,V1,2026-09-23 15:25:21
L,303.6,312.4,1781,28.7,124,0,0,V1,2026-09-23 15:25:21
L,300.6,311.6,1964,21.4,15,0,0,V1,2026-09-23 15:25:21
L,300.9,310.3,1446,44.5,135,0,0,V1,2026-09-23 15:25:21
M,298.7,309.5,1394,46.0,113,0,0,V1,2026-09-23 15:25:21
H,299.1,308.3,1424,43.4,16,0,0,V1,2026-09-23 15:25:21
M,298.6,310.0,1541,36.9,12,0,0,V1,2026-09-23 15:25:21
L,296.6,307.6,1498,41.1,80,0,0,V1,2026-09-23 15:25:21
M,297.0,307.7,1498,47.1,199,0,0,V1,2026-09-23 15:25:21
L,298.3,309.3,1558,37.2,73,0,0,V1,2026-09-23 15:25:21
L,296.6,307.5,1557,35.1,60,0,0,V1,2026-09-23 15:25:21
L,298.2,309.1,1569,35.2,199,0,0,V1,2026-09-23 15:25:21
M,300.6,310.9,1702,30.3,91,0,0,V1,2026-09-23 15:25:21
H,299.1,308.8,1566,46.6,192,0,0,V1,2026-09-23 15:25:21
H,301.2,310.7,1656,26.2,64,0,0,V1,2026-09-23 15:25:21
L,304.1,313.0,1408,45.3,28,0,0,V1,2026-09-23 15:25:21
M,298.1,307.7,1419,47.4,142,0,0,V1,2026-09-23 15:25:21
M,301.8,310.2,1609,34.2,217,0,0,V1,2026-09-23 15:25:21
M,301.0,310.1,1681,27.4,212,0,0,V1,2026-09-23 15:25:21
L,300.4,311.7,1515,47.4,170,0,0,V1,2026-09-23 15:25:21
L,301.9,310.9,1799,24.2,54,0,0,V1,2026-09-23 15:25:21
M,300.4,311.8,1442,45.1,0,0,0,V1,2026-09-23 15:25:21
L,298.3,308.8,1454,49.0,166,0,0,V1,2026-09-23 15:25:21
L,297.6,307.1,1496,39.2,12,0,0,V1,2026-09-23 15:25:21
L,299.4,310.4,1509,40.6,175,0,0,V1,2026-09-23 15:25:21
L,301.8,311.0,1529,41.6,12,0,0,V1,2026-09-23 15:25:21
M,300.0,309.3,1932,21.8,135,0,0,V1,2026-09-23 15:25:21
H,298.8,309.6,1516,40.2,152,0,0,V1,2026-09-23 15:25:21
L,297.4,308.8,1353,49.4,188,0,0,V1,2026-09-23 15:25:21
M,302.3,311.0,1546,35.5,70,0,0,V1,2026-09-23 15:25:21
M,297.3,308.4,1434,44.8,21,0,0,V1,2026-09-23 15:25:21
M,302.5,310.4,1581,32.7,181,0,0,V1,2026-09-23 15:25:21
M,301.0,310.7,1497,37.6,116,0,0,V1,2026-09-23 15:25:21
L,297.3,308.7,1531,36.7,116,0,0,V1,2026-09-23 15:25:21
M,302.5,312.0,1447,45.7,210,0,0,V1,2026-09-23 15:25:21
M,300.6,310.7,1654,32.0,180,0,0,V1,2026-09-23 15:25:21
L,300.5,309.7,1887,24.3,28,0,0,V1,2026-09-23 15:25:21
L,298.8,308.4,1737,27.7,130,0,0,V1,2026-09-23 15:25:21
M,297.2,308.0,1765,31.1,191,0,0,V1,2026-09-23 15:25:21
L,298.0,307.5,1618,35.2,31,0,0,V1,2026-09-23 15:25:21
M,297.2,308.4,1378,41.9,97,0,0,V1,2026-09-23 15:25:21
M,297.6,308.4,1398,41.9,215,0,0,V1,2026-09-23 15:25:21
M,301.8,310.7,1309,43.3,68,0,0,V1,2026-09-23 15:25:21
M,303.5,311.6,1573,34.0,134,0,0,V1,2026-09-23 15:25:21
H,299.3,309.0,1508,35.0,70,0,0,V1,2026-09-23 15:25:21
L,301.1,312.3,1595,31.9,134,0,0,V1,2026-09-23 15:25:21
M,299.3,309.0,1420,41.6,155,0,0,V1,2026-09-23 15:25:21
L,302.0,311.2,1420,45.8,192,0,0,V1,2026-09-23 15:25:21
L,297.6,309.5,1617,36.2,42,0,0,V1,2026-09-23 15:25:21
M,303.9,313.0,1475,41.0,11,0,0,V1,2026-09-23 15:25:21
L,300.1,309.2,1421,42.5,61,0,0,V1,2026-09-23 15:25:21
H,299.4,309.3,1534,37.5,39,0,0,V1,2026-09-23 15:25:21
L,300.9,310.7,1427,44.1,141,0,0,V1,2026-09-23 15:25:21
L,302.2,310.6,1462,43.6,0,0,0,V1,2026-09-23 15:25:21
L,299.3,310.6,1443,45.7,97,0,0,V1,2026-09-23 15:25:21
M,299.1,308.9,1397,52.4,112,0,0,V1,2026-09-23 15:25:21
M,299.6,309.2,1651,30.8,92,0,0,V1,2026-09-23 15:25:21
L,300.1,309.6,1760,25.4,55,0,0,V1,2026-09-23 15:25:21
M,302.4,311.2,1330,58.6,201,1,0,V1,2026-09-23 15:25:21
M,300.2,311.4,1570,35.3,138,0,0,V1,2026-09-23 15:25:21
L,299.1,310.3,1459,46.7,84,0,0,V1,2026-09-23 15:25:21
L,299.4,310.7,1426,45.7,213,0,0,V1,2026-09-23 15:25:21
M,299.9,310.4,1820,26.6,175,0,0,V1,2026-09-23 15:25:21
M,300.4,312.0,1596,30.4,191,0,0,V1,2026-09-23 15:25:21
L,296.7,308.1,1450,40.9,195,0,0,V1,2026-09-23 15:25:21
H,300.6,312.1,1354,46.9,138,0,0,V1,2026-09-23 15:25:21
H,299.9,309.6,1462,51.0,119,0,0,V1,2026-09-23 15:25:21
M,297.9,309.1,1338,49.6,56,0,0,V1,2026-09-23 15:25:21
L,297.7,308.1,1734,30.7,177,0,0,V1,2026-09-23 15:25:21
L,297.8,309.9,1351,49.0,181,0,0,V1,2026-09-23 15:25:21
L,298.3,309.6,1420,44.1,197,0,0,V1,2026-09-23 15:25:21
M,296.3,307.3,1368,49.5,10,0,0,V1,2026-09-23 15:25:21
L,300.1,309.5,1450,40.1,100,0,0,V1,2026-09-23 15:25:21
M,298.0,307.5,1427,45.1,95,0,0,V1,2026-09-23 15:25:21
L,299.9,309.2,1560,38.9,180,0,0,V1,2026-09-23 15:25:21
L,298.3,309.1,1904,20.3,140,0,0,V1,2026-09-23 15:25:21
L,300.0,310.5,1412,52.4,142,0,0,V1,2026-09-23 15:25:21
M,302.4,310.3,1378,54.3,165,1,1,V1,2026-09-23 15:25:21
L,297.8,307.8,1396,42.5,23,0,0,V1,2026-09-23 15:25:21
L,301.5,309.8,1549,38.5,81,0,0,V1,2026-09-23 15:25:21
L,300.5,310.5,2633,12.2,17,1,1,V1,2026-09-23 15:25:21
L,302.3,312.0,1398,43.3,171,0,0,V1,2026-09-23 15:25:21
M,299.7,310.2,1440,42.8,30,0,0,V1,2026-09-23 15:25:21
L,297.3,308.2,1396,52.7,212,1,1,V1,2026-09-23 15:25:21
L,300.5,309.6,1390,48.4,194,0,0,V1,2026-09-23 15:25:21
L,297.3,308.2,1896,24.4,47,0,0,V1,2026-09-23 15:25:21
L,302.8,310.6,1470,41.1,205,0,0,V1,2026-09-23 15:25:21
M,301.2,310.7,1527,41.1,53,0,0,V1,2026-09-23 15:25:21
M,298.9,309.8,1836,22.8,18,0,0,V1,2026-09-23 15:25:21
M,302.6,310.5,1542,39.9,184,0,0,V1,2026-09-23 15:25:21
M,300.2,311.8,1748,28.5,184,0,0,V1,2026-09-23 15:25:21
M,298.3,308.3,1379,48.0,181,0,0,V1,2026-09-23 15:25:21
L,301.1,310.8,1521,41.0,99,0,0,V1,2026-09-23 15:25:21
L,296.6,307.6,1671,28.8,108,0,0,V1,2026-09-23 15:25:21
L,303.0,311.0,1359,44.2,115,1,1,V1,2026-09-23 15:25:21
H,296.4,307.5,1403,52.8,94,0,0,V1,2026-09-23 15:25:21
L,300.0,310.5,1606,33.5,135,0,0,V1,2026-09-23 15:25:21
L,298.8,310.6,1803,25.4,209,0,0,V1,2026-09-23 15:25:21
M,298.4,307.8,1617,31.6,173,0,0,V1,2026-09-23 15:25:21
M,300.3,311.3,1506,40.7,98,0,0,V1,2026-09-23 15:25:21
M,298.3,309.3,1376,57.0,198,0,0,V1,2026-09-23 15:25:21
H,298.9,309.2,1379,50.7,106,0,0,V1,2026-09-23 15:25:21
M,302.4,310.1,1379,48.9,107,1,1,V1,2026-09-23 15:25:21
L,301.1,309.6,1501,36.1,156,0,0,V1,2026-09-23 15:25:21
L,301.7,310.7,1532,39.8,92,0,0,V1,2026-09-23 15:25:21
M,299.6,310.6,1633,34.2,151,0,0,V1,2026-09-23 15:25:21
L,300.3,311.7,1989,22.3,121,0,0,V1,2026-09-23 15:25:21
M,297.7,309.0,1636,29.7,32,0,0,V1,2026-09-23 15:25:21
L,303.9,312.7,1789,24.4,163,0,0,V1,2026-09-23 15:25:21
L,302.4,310.2,1400,53.7,175,0,0,V1,2026-09-23 15:25:21
L,297.0,307.9,1595,31.7,170,0,0,V1,2026-09-23 15:25:21
M,300.4,309.7,1685,32.3,167,0,0,V1,2026-09-23 15:25:21
M,302.0,310.4,1567,36.4,114,0,0,V1,2026-09-23 15:25:21
L,302.3,311.7,1510,38.7,141,0,0,V1,2026-09-23 15:25:21
M,299.9,309.6,1489,41.7,56,0,0,V1,2026-09-23 15:25:21
L,299.1,309.9,1586,36.6,215,0,0,V1,2026-09-23 15:25:21
M,300.2,310.2,1429,43.8,54,0,0,V1,2026-09-23 15:25:21
M,298.5,309.0,1741,28.0,21,0,0,V1,2026-09-23 15:25:21
M,302.0,310.6,1392,60.5,10,0,0,V1,2026-09-23 15:25:21
M,303.4,312.8,1622,35.1,107,0,0,V1,2026-09-23 15:25:21
M,301.4,310.5,1563,39.9,83,0,0,V1,2026-09-23 15:25:21
L,301.4,310.4,1436,49.7,108,0,0,V1,2026-09-23 15:25:21
L,298.1,307.8,1413,54.1,113,0,0,V1,2026-09-23 15:25:21
H,301.5,310.8,1474,38.7,58,0,0,V1,2026-09-23 15:25:21
L,299.2,310.5,1705,29.5,95,0,0,V1,2026-09-23 15:25:21
L,300.2,309.8,1557,33.8,19,0,0,V1,2026-09-23 15:25:21
M,296.2,307.3,1451,42.8,11,0,0,V1,2026-09-23 15:25:21
M,301.5,310.6,1638,31.9,137,0,0,V1,2026-09-23 15:25:21
L,301.7,311.3,1584,38.8,132,0,0,V1,2026-09-23 15:25:21
M,302.2,310.6,1355,51.5,126,1,1,V1,2026-09-23 15:25:21
M,297.1,307.8,1443,43.9,137,0,0,V1,2026-09-23 15:25:21
M,300.4,311.5,1750,27.3,116,0,0,V1,2026-09-23 15:25:21
L,298.2,308.2,1478,50.1,166,0,0,V1,2026-09-23 15:25:21
L,302.4,311.0,2211,15.4,203,0,0,V1,2026-09-23 15:25:21
M,300.7,310.8,1486,41.2,71,0,0,V1,2026-09-23 15:25:21
H,301.4,310.5,1536,39.9,201,0,0,V1,2026-09-23 15:25:21
L,297.4,308.4,1343,40.0,61,0,0,V1,2026-09-23 15:25:21
L,296.6,307.5,1439,45.5,199,0,0,V1,2026-09-23 15:25:21
L,302.2,311.8,1618,36.0,158,0,0,V1,2026-09-23 15:25:21
L,297.9,307.5,1602,38.3,21,0,0,V1,2026-09-23 15:25:21
L,304.4,313.6,1569,38.4,11,0,0,V1,2026-09-23 15:25:21
H,299.7,309.2,1691,27.7,203,0,0,V1,2026-09-23 15:25:21
L,299.3,309.1,1531,37.9,127,0,0,V1,2026-09-23 15:25:21
L,299.5,309.3,1523,41.5,181,0,0,V1,2026-09-23 15:25:21
M,299.8,309.6,1346,53.2,95,0,0,V1,2026-09-23 15:25:21
L,296.3,307.1,1419,48.6,142,0,0,V1,2026-09-23 15:25:21
L,299.4,309.2,1552,37.4,37,0,0,V1,2026-09-23 15:25:21
M,299.0,310.3,1635,34.5,168,0,0,V1,2026-09-23 15:25:21
M,302.3,311.0,1578,33.5,158,0,0,V1,2026-09-23 15:25:21
L,300.0,309.9,1507,41.4,74,0,0,V1,2026-09-23 15:25:21
L,299.2,308.5,1515,39.8,141,0,0,V1,2026-09-23 15:25:21
L,300.5,311.9,1432,43.1,16,0,0,V1,2026-09-23 15:25:21
M,304.3,313.4,1482,43.8,41,0,0,V1,2026-09-23 15:25:21
M,297.6,308.3,1467,36.7,68,0,0,V1,2026-09-23 15:25:21
L,300.4,311.4,1309,55.5,71,0,0,V1,2026-09-23 15:25:21
L,301.2,309.9,1984,19.7,169,0,0,V1,2026-09-23 15:25:21
L,303.8,312.8,1443,40.7,145,0,0,V1,2026-09-23 15:25:21
L,303.6,312.3,2168,17.7,219,0,0,V1,2026-09-23 15:25:21
H,300.1,311.4,1518,46.9,87,0,0,V1,2026-09-23 15:25:21
M,303.9,313.0,1620,36.6,80,0,0,V1,2026-09-23 15:25:21
L,299.0,308.6,1429,37.7,126,0,0,V1,2026-09-23 15:25:21
L,302.6,311.8,1627,31.8,23,0,0,V1,2026-09-23 15:25:21
M,300.0,309.5,1425,40.8,178,0,0,V1,2026-09-23 15:25:21
L,297.4,309.1,1478,49.8,150,0,0,V1,2026-09-23 15:25:21
L,300.0,310.4,1505,44.9,133,0,0,V1,2026-09-23 15:25:21
M,300.8,310.4,1288,64.0,3,0,0,V1,2026-09-23 15:25:21
M,300.6,310.2,1478,40.1,5,0,0,V1,2026-09-23 15:25:21
L,301.1,310.2,1496,43.4,54,0,0,V1,2026-09-23 15:25:21
H,300.0,310.1,1714,28.7,55,0,0,V1,2026-09-23 15:25:21
H,297.9,307.7,1618,35.9,92,0,0,V1,2026-09-23 15:25:21
M,298.5,309.7,1523,44.6,83,0,0,V1,2026-09-23 15:25:21
M,296.7,307.9,1874,21.3,130,0,0,V1,2026-09-23 15:25:21
L,303.8,312.6,1577,41.3,134,0,0,V1,2026-09-23 15:25:21
M,300.2,309.8,1487,39.2,122,0,0,V1,2026-09-23 15:25:21
L,298.9,310.4,1739,26.3,30,0,0,V1,2026-09-23 15:25:21
L,296.2,307.1,1444,46.7,194,0,0,V1,2026-09-23 15:25:21
L,297.3,308.7,1492,43.6,189,0,0,V1,2026-09-23 15:25:21
M,298.6,309.4,1774,27.5,154,0,0,V1,2026-09-23 15:25:21
L,302.6,312.1,1499,35.0,215,1,0,V1,2026-09-23 15:25:21
L,295.6,306.2,1612,31.2,131,0,0,V1,2026-09-23 15:25:21
L,299.6,311.0,1554,36.3,62,0,0,V1,2026-09-23 15:25:21
L,300.0,309.3,1364,41.2,104,0,0,V1,2026-09-23 15:25:21
L,298.9,310.1,1394,42.7,179,0,0,V1,2026-09-23 15:25:21
L,300.2,311.5,1500,40.8,17,0,0,V1,2026-09-23 15:25:21
M,302.4,311.9,1313,55.7,102,1,0,V1,2026-09-23 15:25:21
L,297.5,308.5,1446,41.9,32,0,0,V1,2026-09-23 15:25:21
L,303.7,312.6,1396,44.1,136,0,0,V1,2026-09-23 15:25:21
L,298.1,308.6,1354,53.9,207,1,1,V1,2026-09-23 15:25:21
L,300.5,309.6,1760,30.6,213,0,0,V1,2026-09-23 15:25:21
L,301.4,310.6,1550,36.8,159,0,0,V1,2026-09-23 15:25:21
L,302.4,311.0,1475,47.9,79,0,0,V1,2026-09-23 15:25:21
L,299.5,310.0,1594,35.1,54,0,0,V1,2026-09-23 15:25:21
L,300.8,312.0,1477,37.3,164,0,0,V1,2026-09-23 15:25:21
M,303.7,312.4,1474,38.8,139,0,0,V1,2026-09-23 15:25:21
L,301.7,311.2,1521,36.7,130,0,0,V1,2026-09-23 15:25:21
L,300.6,310.7,1440,52.5,200,0,0,V1,2026-09-23 15:25:21
L,303.4,311.6,1564,41.9,137,0,0,V1,2026-09-23 15:25:21
L,297.2,308.6,1366,50.4,74,0,0,V1,2026-09-23 15:25:21
L,300.0,311.5,1601,36.9,35,0,0,V1,2026-09-23 15:25:21
M,302.3,311.5,1316,47.2,4,1,0,V1,2026-09-23 15:25:21
M,298.0,307.9,1417,51.0,137,0,0,V1,2026-09-23 15:25:21
M,302.0,310.5,1823,25.1,87,0,0,V1,2026-09-23 15:25:21
H,299.0,310.1,1432,50.0,45,0,0,V1,2026-09-23 15:25:21
M,298.3,307.7,1602,33.4,106,0,0,V1,2026-09-23 15:25:21
M,297.1,307.9,1609,38.9,166,0,0,V1,2026-09-23 15:25:21
L,301.0,311.6,1440,43.3,131,0,0,V1,2026-09-23 15:25:21
M,303.8,313.0,1789,23.5,215,0,0,V1,2026-09-23 15:25:21
L,301.3,310.6,1436,44.2,76,0,0,V1,2026-09-23 15:25:21
L,302.4,310.6,1445,40.3,162,0,0,V1,2026-09-23 15:25:21
L,298.2,308.7,1408,40.0,9,0,0,V1,2026-09-23 15:25:21
H,300.7,310.3,1369,50.7,12,0,0,V1,2026-09-23 15:25:21
M,300.8,310.8,1415,44.5,87,0,0,V1,2026-09-23 15:25:21
L,299.1,310.1,1416,41.2,185,0,0,V1,2026-09-23 15:25:21
M,302.3,311.0,1526,37.7,171,0,0,V1,2026-09-23 15:25:21
L,300.1,310.1,1569,43.5,17,0,0,V1,2026-09-23 15:25:21
M,299.3,309.1,1376,46.7,49,0,0,V1,2026-09-23 15:25:21
L,299.8,310.4,1698,28.3,103,0,0,V1,2026-09-23 15:25:21
L,298.4,308.1,1598,32.7,94,0,0,V1,2026-09-23 15:25:21
L,300.4,309.7,1679,30.1,136,0,0,V1,2026-09-23 15:25:21
L,298.8,309.8,1461,39.4,141,0,0,V1,2026-09-23 15:25:21
M,301.4,310.7,1368,63.7,92,1,1,V1,2026-09-23 15:25:21
L,298.0,308.2,1348,58.8,202,1,1,V1,2026-09-23 15:25:21
L,300.2,309.7,1771,27.1,104,0,0,V1,2026-09-23 15:25:21
L,297.0,307.8,1683,32.3,197,0,0,V1,2026-09-23 15:25:21
L,299.5,309.3,1382,61.0,140,0,0,V1,2026-09-23 15:25:21
L,302.7,312.2,1447,47.5,166,0,0,V1,2026-09-23 15:25:21
M,298.6,310.1,1444,48.1,39,0,0,V1,2026-09-23 15:25:21
M,300.6,310.0,1478,36.3,95,0,0,V1,2026-09-23 15:25:21
M,299.4,309.1,1461,48.6,70,0,0,V1,2026-09-23 15:25:21
L,299.3,309.3,1325,62.0,47,0,0,V1,2026-09-23 15:25:21
M,300.2,310.2,1628,30.3,27,0,0,V1,2026-09-23 15:25:21
L,301.9,311.1,1448,46.3,14,0,0,V1,2026-09-23 15:25:21
L,303.4,311.7,1295,51.3,51,1,1,V1,2026-09-23 15:25:21
L,300.6,310.8,1533,38.5,117,0,0,V1,2026-09-23 15:25:21
L,300.9,310.4,1544,36.0,148,0,0,V1,2026-09-23 15:25:21
L,300.2,309.5,1417,41.1,129,0,0,V1,2026-09-23 15:25:21
L,298.2,308.8,1354,60.9,32,0,0,V1,2026-09-23 15:25:21
M,300.1,309.6,1622,36.1,43,0,0,V1,2026-09-23 15:25:21
L,298.2,309.7,1585,37.4,118,0,0,V1,2026-09-23 15:25:21
L,299.3,308.6,1437,48.1,67,0,0,V1,2026-09-23 15:25:21
M,298.0,307.7,1487,41.3,160,0,0,V1,2026-09-23 15:25:21
L,303.6,312.3,1616,29.3,226,0,0,V1,2026-09-23 15:25:21
L,297.6,308.4,1353,57.5,88,0,0,V1,2026-09-23 15:25:21
M,299.3,309.1,1600,35.3,52,0,0,V1,2026-09-23 15:25:21
M,303.4,312.8,1526,30.8,37,0,0,V1,2026-09-23 15:25:21
M,301.7,309.9,1457,39.2,192,0,0,V1,2026-09-23 15:25:21
L,302.8,312.3,1504,40.3,204,0,0,V1,2026-09-23 15:25:21
L,300.4,309.8,1549,38.9,150,0,0,V1,2026-09-23 15:25:21
L,300.7,312.4,1470,38.6,56,0,0,V1,2026-09-23 15:25:21
M,302.0,310.4,1608,33.1,97,0,0,V1,2026-09-23 15:25:21
L,298.5,310.1,1809,28.9,20,0,0,V1,2026-09-23 15:25:21
H,299.4,310.8,1585,31.4,149,0,0,V1,2026-09-23 15:25:21
L,298.5,310.2,1676,32.7,18,0,0,V1,2026-09-23 15:25:21
L,298.4,309.2,1692,29.8,137,0,0,V1,2026-09-23 15:25:21
L,301.5,310.5,1927,22.4,149,0,0,V1,2026-09-23 15:25:21
H,302.9,312.3,1417,48.7,26,0,0,V1,2026-09-23 15:25:21
L,299.2,310.4,1472,43.3,32,0,0,V1,2026-09-23 15:25:21
L,301.8,311.2,1822,26.2,204,0,0,V1,2026-09-23 15:25:21
L,298.1,308.2,1654,32.1,25,0,0,V1,2026-09-23 15:25:21
L,300.9,311.2,1353,60.4,139,0,0,V1,2026-09-23 15:25:21
M,300.6,309.4,1432,44.2,84,0,0,V1,2026-09-23 15:25:21
L,298.2,309.0,1601,35.8,43,0,0,V1,2026-09-23 15:25:21
L,301.6,310.6,1431,37.5,137,0,0,V1,2026-09-23 15:25:21
L,300.3,310.2,1492,52.3,2,0,0,V1,2026-09-23 15:25:21
H,302.7,310.8,1275,55.0,25,1,1,V1,2026-09-23 15:25:21
M,302.9,311.1,1926,21.8,58,0,0,V1,2026-09-23 15:25:21
L,297.4,308.8,1473,46.2,167,0,0,V1,2026-09-23 15:25:21
H,297.4,308.3,1502,43.6,169,0,0,V1,2026-09-23 15:25:21
L,301.0,310.5,1317,50.9,75,0,0,V1,2026-09-23 15:25:21
L,303.1,311.2,1452,52.9,11,0,0,V1,2026-09-23 15:25:21
L,298.3,309.3,1337,56.1,206,1,1,V1,2026-09-23 15:25:21
L,298.8,309.6,1903,22.3,145,0,0,V1,2026-09-23 15:25:21
M,302.2,311.1,1728,34.0,179,0,0,V1,2026-09-23 15:25:21
L,303.7,312.7,1572,37.2,192,0,0,V1,2026-09-23 15:25:21
L,297.3,308.6,1297,45.9,184,0,0,V1,2026-09-23 15:25:21
L,302.1,311.5,1444,44.9,97,0,0,V1,2026-09-23 15:25:21
H,297.5,309.5,1668,27.9,240,0,0,V1,2026-09-23 15:25:21
H,297.6,309.0,1354,55.6,46,0,0,V1,2026-09-23 15:25:21
H,298.5,309.4,1417,41.2,155,0,0,V1,2026-09-23 15:25:21
L,302.8,311.1,1550,32.3,76,0,0,V1,2026-09-23 15:25:21
L,301.1,310.1,1564,36.8,7,0,0,V1,2026-09-23 15:25:21
L,300.6,312.3,1532,37.2,54,0,0,V1,2026-09-23 15:25:21
L,296.3,307.4,1472,39.9,51,0,0,V1,2026-09-23 15:25:21
L,298.9,309.7,1407,41.9,207,0,0,V1,2026-09-23 15:25:21
H,301.7,310.1,1462,38.3,49,0,0,V1,2026-09-23 15:25:21
L,297.7,309.2,1391,44.5,159,0,0,V1,2026-09-23 15:25:21
L,300.8,310.6,1402,53.7,93,0,0,V1,2026-09-23 15:25:21
L,298.4,308.2,1604,34.9,11,0,0,V1,2026-09-23 15:25:21
L,303.3,311.3,1409,51.8,16,0,0,V1,2026-09-23 15:25:21
M,296.0,306.6,1392,51.3,124,0,0,V1,2026-09-23 15:25:21
L,299.7,309.1,1475,40.0,123,0,0,V1,2026-09-23 15:25:21
M,302.4,310.2,1485,45.9,50,0,0,V1,2026-09-23 15:25:21
L,297.4,309.4,1296,52.3,96,0,0,V1,2026-09-23 15:25:21
M,299.8,310.8,1463,43.5,156,0,0,V1,2026-09-23 15:25:21
L,300.8,310.5,1434,44.5,89,0,0,V1,2026-09-23 15:25:21
H,302.3,310.2,1443,54.6,120,0,0,V1,2026-09-23 15:25:21
L,300.3,311.5,1663,33.6,38,0,0,V1,2026-09-23 15:25:21
L,300.2,309.1,1479,47.0,22,0,0,V1,2026-09-23 15:25:21
L,300.3,311.6,1560,37.7,107,0,0,V1,2026-09-23 15:25:21
L,299.4,310.8,1622,33.6,217,1,0,V1,2026-09-23 15:25:21
L,301.8,311.2,1417,55.9,156,0,0,V1,2026-09-23 15:25:21
L,303.5,311.9,1565,38.9,12,0,0,V1,2026-09-23 15:25:21
H,298.8,310.1,1567,36.8,197,0,0,V1,2026-09-23 15:25:21
L,300.3,309.6,1593,38.1,140,0,0,V1,2026-09-23 15:25:21
L,300.9,310.4,1445,41.7,180,0,0,V1,2026-09-23 15:25:21
L,302.9,312.4,2030,19.1,192,0,0,V1,2026-09-23 15:25:21
L,298.6,309.4,1375,55.4,145,0,0,V1,2026-09-23 15:25:21
L,298.2,307.8,1575,35.0,137,0,0,V1,2026-09-23 15:25:21
L,299.1,308.5,1647,35.0,74,0,0,V1,2026-09-23 15:25:21
M,302.7,310.5,1398,47.3,70,0,0,V1,2026-09-23 15:25:21
L,302.8,310.6,1670,29.1,2,0,0,V1,2026-09-23 15:25:21
L,300.6,310.5,1470,37.7,98,0,0,V1,2026-09-23 15:25:21
L,303.4,311.6,1449,41.7,132,0,0,V1,2026-09-23 15:25:21
M,295.4,305.9,1518,40.6,178,0,0,V1,2026-09-23 15:25:21
M,300.6,310.4,1407,51.1,157,0,0,V1,2026-09-23 15:25:21
M,300.9,309.9,1465,42.9,209,0,0,V1,2026-09-23 15:25:21
M,302.4,311.3,1312,61.5,85,1,0,V1,2026-09-23 15:25:21
L,297.6,308.7,1476,39.0,44,0,0,V1,2026-09-23 15:25:21
L,300.5,312.0,1461,38.1,39,0,0,V1,2026-09-23 15:25:21
L,301.5,310.6,1522,41.0,114,0,0,V1,2026-09-23 15:25:21
M,296.9,307.6,1685,32.0,10,0,0,V1,2026-09-23 15:25:21
L,300.1,309.3,1685,27.1,203,0,0,V1,2026-09-23 15:25:21
L,304.3,313.5,1452,41.5,15,0,0,V1,2026-09-23 15:25:21
M,298.8,308.5,1510,38.7,66,0,0,V1,2026-09-23 15:25:21
L,301.1,310.0,1513,38.0,17,0,0,V1,2026-09-23 15:25:21
L,300.5,311.6,1528,42.4,163,0,0,V1,2026-09-23 15:25:21
M,302.4,310.9,1435,42.3,83,0,0,V1,2026-09-23 15:25:21
L,301.0,311.0,1581,37.0,127,0,0,V1,2026-09-23 15:25:21
M,295.3,305.8,1589,36.2,184,0,0,V1,2026-09-23 15:25:21
L,301.0,312.3,1488,42.6,107,0,0,V1,2026-09-23 15:25:21
L,302.3,311.4,1845,21.9,27,0,0,V1,2026-09-23 15:25:21
L,298.9,308.5,1559,34.3,126,0,0,V1,2026-09-23 15:25:21
L,301.0,309.7,1491,42.9,165,0,0,V1,2026-09-23 15:25:21
L,301.2,310.4,1470,44.0,113,0,0,V1,2026-09-23 15:25:21
H,298.3,310.0,1419,47.1,105,0,0,V1,2026-09-23 15:25:21
L,300.6,309.6,1426,53.6,66,0,0,V1,2026-09-23 15:25:21
L,298.1,308.1,1484,40.4,59,0,0,V1,2026-09-23 15:25:21
L,297.9,308.6,1757,27.5,118,0,0,V1,2026-09-23 15:25:21
M,299.7,309.0,1465,49.0,158,0,0,V1,2026-09-23 15:25:21
L,298.7,310.1,1558,37.6,44,0,0,V1,2026-09-23 15:25:21
M,303.0,312.7,1553,35.8,122,0,0,V1,2026-09-23 15:25:21
M,300.3,309.6,1524,38.4,54,0,0,V1,2026-09-23 15:25:21
L,297.9,309.1,1595,32.0,32,0,0,V1,2026-09-23 15:25:21
M,297.7,309.0,1656,33.2,20,0,0,V1,2026-09-23 15:25:21
L,301.5,310.5,2289,16.4,112,0,0,V1,2026-09-23 15:25:21
M,299.3,309.1,1449,47.9,131,0,0,V1,2026-09-23 15:25:21
H,302.8,312.4,1411,53.8,246,0,1,V1,2026-09-23 15:25:21
L,302.0,311.1,1635,36.0,23,0,0,V1,2026-09-23 15:25:21
L,298.9,308.5,1503,40.6,145,0,0,V1,2026-09-23 15:25:21
M,300.7,311.0,1559,42.8,121,0,0,V1,2026-09-23 15:25:21
H,298.5,309.7,1561,35.3,208,0,0,V1,2026-09-23 15:25:21
L,303.7,312.5,1433,53.6,185,0,0,V1,2026-09-23 15:25:21
M,301.7,310.6,1691,27.7,105,0,0,V1,2026-09-23 15:25:21
M,298.9,310.0,1348,58.2,163,0,0,V1,2026-09-23 15:25:21
H,299.1,309.4,1811,24.6,77,0,0,V1,2026-09-23 15:25:21
L,296.6,307.4,1389,42.7,48,0,0,V1,2026-09-23 15:25:21
L,299.1,308.9,1445,43.4,197,0,0,V1,2026-09-23 15:25:21
L,300.1,311.5,1659,31.1,203,0,0,V1,2026-09-23 15:25:21
M,300.5,311.9,1323,57.9,155,0,0,V1,2026-09-23 15:25:21
L,298.9,308.4,1301,51.1,138,0,0,V1,2026-09-23 15:25:21
M,299.2,310.4,1502,39.8,34,0,0,V1,2026-09-23 15:25:21
L,300.7,309.3,1580,38.3,102,0,0,V1,2026-09-23 15:25:21
M,304.0,313.2,1437,53.9,7,0,0,V1,2026-09-23 15:25:21
M,302.4,311.1,1721,30.1,210,0,0,V1,2026-09-23 15:25:21
L,300.7,310.8,1754,27.7,84,0,0,V1,2026-09-23 15:25:21
L,301.8,309.6,1443,42.7,231,1,0,V1,2026-09-23 15:25:21
L,295.6,306.2,1650,28.2,35,0,0,V1,2026-09-23 15:25:21
L,298.5,309.6,1582,40.3,103,0,0,V1,2026-09-23 15:25:21
L,300.7,310.1,1351,46.9,165,0,0,V1,2026-09-23 15:25:21
M,300.8,310.7,1572,36.2,167,0,0,V1,2026-09-23 15:25:21
H,297.9,307.5,1880,23.3,146,0,0,V1,2026-09-23 15:25:21
L,304.1,313.2,1412,47.5,150,0,0,V1,2026-09-23 15:25:21
H,297.9,308.7,1545,35.9,120,0,0,V1,2026-09-23 15:25:21
M,297.8,307.8,1310,57.9,70,0,0,V1,2026-09-23 15:25:21
M,301.0,310.6,1460,53.6,74,0,0,V1,2026-09-23 15:25:21
H,298.0,307.6,1593,32.2,118,0,0,V1,2026-09-23 15:25:21
L,300.4,311.6,1332,54.6,111,0,0,V1,2026-09-23 15:25:21
H,301.2,310.9,1798,22.3,59,0,0,V1,2026-09-23 15:25:21
M,299.0,308.9,1449,39.6,105,0,0,V1,2026-09-23 15:25:21
L,298.0,308.5,1461,48.0,68,0,0,V1,2026-09-23 15:25:21
M,298.1,308.6,1425,41.9,11,0,0,V1,2026-09-23 15:25:21
M,298.9,310.1,1442,42.9,153,0,0,V1,2026-09-23 15:25:21
M,300.8,311.2,1592,32.9,82,0,0,V1,2026-09-23 15:25:21
H,297.5,308.4,1793,23.9,28,0,0,V1,2026-09-23 15:25:21
M,301.9,311.0,1467,48.1,43,0,0,V1,2026-09-23 15:25:21
H,298.8,310.2,1455,44.9,107,0,0,V1,2026-09-23 15:25:21
H,295.6,306.2,1329,55.3,135,0,0,V1,2026-09-23 15:25:21
L,301.0,311.5,1444,39.8,197,0,0,V1,2026-09-23 15:25:21
M,298.7,309.8,1501,44.7,48,0,0,V1,2026-09-23 15:25:21
L,302.5,310.4,1349,55.1,187,1,1,V1,2026-09-23 15:25:21
M,301.9,311.1,1605,40.0,179,0,0,V1,2026-09-23 15:25:21
M,300.2,309.5,1458,46.9,23,0,0,V1,2026-09-23 15:25:21
M,302.1,311.3,1453,45.1,174,0,0,V1,2026-09-23 15:25:21
L,301.3,310.0,1550,41.5,197,0,0,V1,2026-09-23 15:25:21
L,302.4,310.1,1401,48.8,177,0,0,V1,2026-09-23 15:25:21
L,297.1,308.3,1773,23.8,169,0,0,V1,2026-09-23 15:25:21
L,302.3,311.5,1395,54.2,198,0,0,V1,2026-09-23 15:25:21
L,303.1,311.2,1394,45.3,144,0,0,V1,2026-09-23 15:25:21
L,299.0,309.1,1394,45.1,179,0,0,V1,2026-09-23 15:25:21
L,301.0,311.0,1553,35.8,26,0,0,V1,2026-09-23 15:25:21
L,300.3,311.5,1378,47.5,64,0,0,V1,2026-09-23 15:25:21
L,296.6,307.4,1616,28.0,175,0,0,V1,2026-09-23 15:25:21
L,301.6,309.9,1440,43.4,100,0,0,V1,2026-09-23 15:25:21
M,302.5,310.4,1429,43.2,191,0,0,V1,2026-09-23 15:25:21
M,298.8,308.6,1500,37.1,210,0,0,V1,2026-09-23 15:25:21
L,300.2,311.5,1492,41.8,128,0,0,V1,2026-09-23 15:25:21
L,299.4,309.1,1766,24.6,158,0,0,V1,2026-09-23 15:25:21
M,302.5,311.9,1347,54.3,125,1,0,V1,2026-09-23 15:25:21
M,299.4,309.0,1381,44.9,88,0,0,V1,2026-09-23 15:25:21
L,301.4,310.7,1568,35.2,23,0,0,V1,2026-09-23 15:25:21
M,302.2,311.3,1658,31.0,2,0,0,V1,2026-09-23 15:25:21
L,302.2,311.6,1462,50.0,51,0,0,V1,2026-09-23 15:25:21
L,298.9,310.2,1409,54.8,140,0,0,V1,2026-09-23 15:25:21
H,298.1,308.9,1388,53.5,83,0,0,V1,2026-09-23 15:25:21
L,302.0,311.0,1632,34.2,18,0,0,V1,2026-09-23 15:25:21
M,298.3,308.6,1589,37.1,137,0,0,V1,2026-09-23 15:25:21
L,297.4,308.2,1533,37.4,115,0,0,V1,2026-09-23 15:25:21
L,300.8,312.0,1496,40.0,175,0,0,V1,2026-09-23 15:25:21
M,297.5,308.7,1352,53.0,171,0,0,V1,2026-09-23 15:25:21
M,300.6,309.5,1557,33.8,84,0,0,V1,2026-09-23 15:25:21
L,299.0,310.1,1623,33.0,210,0,0,V1,2026-09-23 15:25:21
L,300.8,310.7,1633,27.8,0,0,0,V1,2026-09-23 15:25:21
M,300.6,310.6,1463,45.5,196,0,0,V1,2026-09-23 15:25:21
L,296.8,308.0,1510,39.4,29,0,0,V1,2026-09-23 15:25:21
L,299.2,308.9,1368,47.2,175,0,0,V1,2026-09-23 15:25:21
L,298.2,309.0,1489,40.6,89,0,0,V1,2026-09-23 15:25:21
L,300.4,309.8,1513,32.9,117,0,0,V1,2026-09-23 15:25:21
M,298.5,309.4,1365,48.7,56,0,0,V1,2026-09-23 15:25:21
L,301.3,310.4,1384,50.1,88,0,0,V1,2026-09-23 15:25:21
L,301.1,309.7,1668,30.8,158,0,0,V1,2026-09-23 15:25:21
L,302.6,310.8,1470,41.2,156,0,0,V1,2026-09-23 15:25:21
L,297.9,309.0,1290,49.8,43,0,0,V1,2026-09-23 15:25:21
M,303.5,312.0,1475,42.9,85,0,0,V1,2026-09-23 15:25:21
H,297.7,308.8,1404,50.3,97,0,0,V1,2026-09-23 15:25:21
H,302.0,310.5,1841,23.6,119,0,0,V1,2026-09-23 15:25:21
M,298.9,309.6,1472,46.0,199,0,0,V1,2026-09-23 15:25:21
L,304.1,313.3,1470,39.9,70,0,0,V1,2026-09-23 15:25:21
L,298.6,309.6,1472,39.1,14,0,0,V1,2026-09-23 15:25:21
L,301.9,310.5,1425,51.1,173,0,0,V1,2026-09-23 15:25:21
M,296.3,307.2,1446,45.9,180,0,0,V1,2026-09-23 15:25:21
L,301.7,310.5,1354,50.0,169,1,0,V1,2026-09-23 15:25:21
M,297.1,308.4,1615,32.6,184,0,0,V1,2026-09-23 15:25:21
M,295.6,306.2,1477,45.0,40,0,0,V1,2026-09-23 15:25:21
M,299.7,311.2,1616,42.3,180,0,0,V1,2026-09-23 15:25:21
L,303.0,311.2,1664,29.8,186,0,0,V1,2026-09-23 15:25:21
H,296.9,307.9,1557,36.5,63,0,0,V1,2026-09-23 15:25:21
H,301.6,310.6,1400,49.5,211,0,0,V1,2026-09-23 15:25:21
M,300.4,310.6,1545,35.6,16,0,0,V1,2026-09-23 15:25:21
L,302.3,310.9,1891,22.7,135,0,0,V1,2026-09-23 15:25:21
H,298.8,309.8,1490,35.9,171,0,0,V1,2026-09-23 15:25:21
M,304.0,313.5,1732,26.2,126,0,0,V1,2026-09-23 15:25:21
L,302.7,312.1,1763,26.5,184,0,0,V1,2026-09-23 15:25:21
L,299.2,309.0,1951,21.4,102,0,0,V1,2026-09-23 15:25:21
M,298.9,310.1,1313,56.8,171,0,0,V1,2026-09-23 15:25:21
L,299.7,310.6,1737,26.1,144,0,0,V1,2026-09-23 15:25:21
L,300.8,311.2,1481,38.5,181,0,0,V1,2026-09-23 15:25:21
H,298.1,308.5,1392,44.8,111,0,0,V1,2026-09-23 15:25:21
M,298.8,310.5,1678,32.8,4,0,0,V1,2026-09-23 15:25:21
L,304.2,313.6,1411,46.0,149,0,0,V1,2026-09-23 15:25:21
L,300.5,311.5,1487,43.0,78,0,0,V1,2026-09-23 15:25:21
M,298.9,310.6,1679,35.8,14,0,0,V1,2026-09-23 15:25:21
M,298.2,309.5,1478,36.5,182,0,0,V1,2026-09-23 15:25:21
M,298.5,309.2,1721,29.4,170,0,0,V1,2026-09-23 15:25:21
H,301.9,311.0,1871,26.0,132,0,0,V1,2026-09-23 15:25:21
M,301.9,311.4,1465,39.9,153,0,0,V1,2026-09-23 15:25:21
M,298.2,309.3,2056,18.7,144,0,0,V1,2026-09-23 15:25:21
L,297.0,307.8,1500,39.9,175,0,0,V1,2026-09-23 15:25:21
L,298.0,308.9,1390,53.9,88,0,0,V1,2026-09-23 15:25:21
L,299.8,309.1,1772,24.8,113,0,0,V1,2026-09-23 15:25:21
H,300.5,309.3,1471,45.2,223,0,0,V1,2026-09-23 15:25:21
H,297.1,307.9,1420,39.8,192,0,0,V1,2026-09-23 15:25:21
L,300.6,311.7,1497,43.6,198,0,0,V1,2026-09-23 15:25:21
L,300.7,311.7,1395,43.7,215,0,0,V1,2026-09-23 15:25:21
L,297.4,308.6,1488,36.4,71,0,0,V1,2026-09-23 15:25:21
L,301.0,312.2,1540,34.1,113,0,0,V1,2026-09-23 15:25:21
L,298.2,308.1,1622,34.9,67,0,0,V1,2026-09-23 15:25:21
H,299.1,310.1,1421,41.2,149,0,0,V1,2026-09-23 15:25:21
L,301.1,311.1,1799,21.7,206,0,0,V1,2026-09-23 15:25:21
L,300.4,311.9,1476,48.7,189,0,0,V1,2026-09-23 15:25:21
M,303.0,311.1,1372,54.3,117,1,1,V1,2026-09-23 15:25:21
H,301.6,310.4,1369,45.4,156,0,0,V1,2026-09-23 15:25:21
L,295.9,306.4,1892,21.7,72,0,0,V1,2026-09-23 15:25:21
H,302.3,311.3,1744,30.3,116,0,0,V1,2026-09-23 15:25:21
M,300.0,310.5,1790,25.7,123,0,0,V1,2026-09-23 15:25:21
H,298.4,308.2,1612,32.6,10,0,0,V1,2026-09-23 15:25:21
M,298.3,307.9,1485,42.0,117,0,0,V1,2026-09-23 15:25:21
L,297.1,307.9,1456,50.0,166,0,0,V1,2026-09-23 15:25:21
L,304.1,313.1,1327,54.1,57,0,0,V1,2026-09-23 15:25:21
H,297.7,307.4,1432,40.2,132,0,0,V1,2026-09-23 15:25:21
L,297.4,308.0,1423,38.0,154,0,0,V1,2026-09-23 15:25:21
M,298.7,310.1,1402,69.7,64,1,1,V1,2026-09-23 15:25:21
M,300.1,311.4,1575,29.8,210,1,0,V1,2026-09-23 15:25:21
L,301.1,311.1,1570,41.6,202,0,0,V1,2026-09-23 15:25:21
L,298.7,308.5,1668,35.2,77,0,0,V1,2026-09-23 15:25:21
M,297.4,308.2,1424,53.9,120,0,0,V1,2026-09-23 15:25:21
H,299.6,310.1,1531,36.8,62,0,0,V1,2026-09-23 15:25:21
L,298.1,307.6,1354,43.3,155,0,0,V1,2026-09-23 15:25:21
L,302.9,312.5,1550,45.5,72,0,0,V1,2026-09-23 15:25:21
M,300.1,309.5,1462,42.8,50,0,0,V1,2026-09-23 15:25:21
M,297.0,307.7,1261,51.1,130,0,0,V1,2026-09-23 15:25:21
L,298.6,309.5,1730,30.2,41,0,0,V1,2026-09-23 15:25:21
L,302.6,312.1,1420,51.6,182,0,0,V1,2026-09-23 15:25:21
L,300.5,311.6,1534,37.7,90,0,0,V1,2026-09-23 15:25:21
M,298.6,309.5,1366,55.0,65,0,0,V1,2026-09-23 15:25:21
M,302.2,310.8,1356,48.3,36,1,0,V1,2026-09-23 15:25:21
L,302.8,312.2,1746,27.4,44,0,0,V1,2026-09-23 15:25:21
L,298.1,307.9,1502,41.8,79,0,0,V1,2026-09-23 15:25:21
L,298.8,309.6,1523,41.9,165,0,0,V1,2026-09-23 15:25:21
M,301.3,311.1,1834,25.4,22,0,0,V1,2026-09-23 15:25:21
L,303.8,313.1,1422,42.4,152,0,0,V1,2026-09-23 15:25:21
M,302.5,310.4,1509,37.6,45,0,0,V1,2026-09-23 15:25:21
M,297.5,308.0,2033,16.7,128,0,0,V1,2026-09-23 15:25:21
M,301.9,311.1,1417,52.5,171,0,0,V1,2026-09-23 15:25:21
L,298.1,307.8,1524,40.8,71,0,0,V1,2026-09-23 15:25:21
L,298.8,309.1,1512,40.7,156,0,0,V1,2026-09-23 15:25:21
M,300.8,312.0,1422,50.7,219,0,0,V1,2026-09-23 15:25:21
L,299.2,310.3,1507,41.3,158,0,0,V1,2026-09-23 15:25:21
L,300.6,311.7,1428,52.6,208,1,0,V1,2026-09-23 15:25:21
L,298.2,307.8,1423,48.1,183,0,0,V1,2026-09-23 15:25:21
L,300.5,310.8,1445,46.6,155,0,0,V1,2026-09-23 15:25:21
L,303.7,312.0,1892,22.5,79,0,0,V1,2026-09-23 15:25:21
L,302.4,311.3,1392,50.5,51,0,0,V1,2026-09-23 15:25:21
M,300.1,311.4,1342,48.5,203,0,0,V1,2026-09-23 15:25:21
L,298.4,309.3,1409,43.1,166,0,0,V1,2026-09-23 15:25:21
L,303.3,311.4,1658,30.5,7,0,0,V1,2026-09-23 15:25:21
H,297.5,309.3,1525,41.7,235,0,0,V1,2026-09-23 15:25:21
L,300.8,309.9,1312,65.3,192,1,1,V1,2026-09-23 15:25:21
L,300.7,311.7,1910,19.7,13,0,0,V1,2026-09-23 15:25:21
L,299.4,309.3,1377,43.6,28,0,0,V1,2026-09-23 15:25:21
M,303.4,311.7,1353,44.1,192,0,1,V1,2026-09-23 15:25:21
L,300.4,311.1,1487,37.4,162,0,0,V1,2026-09-23 15:25:21
M,301.1,311.3,1389,53.3,8,0,0,V1,2026-09-23 15:25:21
L,297.4,308.3,1706,30.9,9,0,0,V1,2026-09-23 15:25:21
M,301.5,311.1,1660,33.8,115,0,0,V1,2026-09-23 15:25:21
L,297.0,308.1,1537,39.0,103,0,0,V1,2026-09-23 15:25:21
L,299.6,311.1,1679,30.7,129,0,0,V1,2026-09-23 15:25:21
H,301.2,310.9,1598,35.9,71,0,0,V1,2026-09-23 15:25:21
M,296.9,308.1,1483,44.3,219,0,0,V1,2026-09-23 15:25:21
L,303.9,312.7,1339,62.3,156,0,0,V1,2026-09-23 15:25:21
M,297.2,308.2,1678,28.1,133,0,0,V1,2026-09-23 15:25:21
M,298.2,308.8,1607,31.9,39,0,0,V1,2026-09-23 15:25:21
L,297.2,308.5,1513,42.9,212,0,0,V1,2026-09-23 15:25:21
L,297.2,308.6,1924,22.1,163,0,0,V1,2026-09-23 15:25:21
M,303.1,312.5,1766,26.7,157,0,0,V1,2026-09-23 15:25:21
M,297.2,308.5,1364,54.0,43,0,0,V1,2026-09-23 15:25:21
L,299.3,309.1,1495,44.0,55,0,0,V1,2026-09-23 15:25:21
M,298.6,309.5,1426,45.4,38,0,0,V1,2026-09-23 15:25:21
M,299.8,311.2,1745,26.3,150,0,0,V1,2026-09-23 15:25:21
H,298.7,310.1,1435,45.6,37,0,0,V1,2026-09-23 15:25:21
M,299.2,308.6,1367,47.6,168,0,0,V1,2026-09-23 15:25:21
M,300.5,310.2,1386,48.2,225,0,0,V1,2026-09-23 15:25:21
L,297.0,308.1,1429,54.0,138,0,0,V1,2026-09-23 15:25:21
M,301.7,310.0,1391,50.6,195,0,0,V1,2026-09-23 15:25:21
M,298.0,307.4,1463,46.5,182,0,0,V1,2026-09-23 15:25:21
M,298.6,310.1,1458,41.9,61,0,0,V1,2026-09-23 15:25:21
M,302.1,311.0,1574,34.1,215,0,0,V1,2026-09-23 15:25:21
M,299.9,311.4,1337,54.8,32,0,0,V1,2026-09-23 15:25:21
L,298.9,308.7,1433,44.7,108,0,0,V1,2026-09-23 15:25:21
M,297.5,308.5,1699,30.1,40,0,0,V1,2026-09-23 15:25:21
L,302.5,311.9,1306,59.7,172,1,0,V1,2026-09-23 15:25:21
L,297.6,309.5,1924,20.6,37,0,0,V1,2026-09-23 15:25:21
L,300.3,309.3,1478,39.5,180,0,0,V1,2026-09-23 15:25:21
M,304.0,313.1,1466,39.5,83,0,0,V1,2026-09-23 15:25:21
L,297.6,308.6,1576,32.7,83,0,0,V1,2026-09-23 15:25:21
L,299.9,309.2,1598,34.6,111,0,0,V1,2026-09-23 15:25:21
L,299.8,309.7,1429,42.6,127,0,0,V1,2026-09-23 15:25:21
L,298.2,307.8,1530,35.9,68,0,0,V1,2026-09-23 15:25:21
M,302.5,312.0,1487,46.1,175,0,0,V1,2026-09-23 15:25:21
M,303.0,311.1,1597,36.7,191,0,0,V1,2026-09-23 15:25:21
H,301.1,310.6,1782,24.9,93,0,0,V1,2026-09-23 15:25:21
M,300.9,310.9,1636,35.3,153,0,0,V1,2026-09-23 15:25:21
M,296.6,307.5,1482,39.9,153,0,0,V1,2026-09-23 15:25:21
M,303.0,311.3,1335,53.6,164,1,1,V1,2026-09-23 15:25:21
L,299.6,309.0,1472,48.8,72,0,0,V1,2026-09-23 15:25:21
L,301.7,310.5,1567,39.1,114,0,0,V1,2026-09-23 15:25:21
L,296.7,307.7,1927,23.9,112,0,0,V1,2026-09-23 15:25:21
L,300.7,310.8,1925,22.0,74,0,0,V1,2026-09-23 15:25:21
L,299.0,310.3,1431,39.9,157,0,0,V1,2026-09-23 15:25:21
M,298.7,308.4,1430,49.6,135,0,0,V1,2026-09-23 15:25:21
L,297.4,308.4,1328,61.8,98,0,0,V1,2026-09-23 15:25:21
H,302.0,309.9,1447,42.8,185,0,0,V1,2026-09-23 15:25:21
L,299.6,311.0,1574,35.0,133,0,0,V1,2026-09-23 15:25:21
M,301.5,310.5,1503,38.2,200,0,0,V1,2026-09-23 15:25:21
M,298.9,308.9,1750,29.9,50,0,0,V1,2026-09-23 15:25:21
M,300.5,309.9,1552,41.3,116,0,0,V1,2026-09-23 15:25:21
L,297.3,308.1,1506,36.0,150,0,0,V1,2026-09-23 15:25:21
L,300.7,310.9,1521,39.4,61,0,0,V1,2026-09-23 15:25:21
L,298.0,308.5,1404,46.6,201,0,0,V1,2026-09-23 15:25:21
H,298.0,309.4,1562,38.1,58,0,0,V1,2026-09-23 15:25:21
L,300.9,311.5,1505,41.1,129,0,0,V1,2026-09-23 15:25:21
L,300.9,310.7,1477,43.2,143,0,0,V1,2026-09-23 15:25:21
M,303.8,312.7,1919,20.2,131,0,0,V1,2026-09-23 15:25:21
L,300.6,310.4,2514,13.4,215,1,0,V1,2026-09-23 15:25:21
L,298.0,307.6,1281,50.8,122,0,0,V1,2026-09-23 15:25:21
L,300.6,310.3,1648,30.5,217,0,1,V1,2026-09-23 15:25:21
L,301.3,311.0,1576,30.4,151,0,0,V1,2026-09-23 15:25:21
L,298.6,309.9,1615,28.8,199,0,0,V1,2026-09-23 15:25:21
H,297.8,309.2,1648,33.0,29,0,0,V1,2026-09-23 15:25:21
M,298.6,309.7,1280,64.1,71,0,0,V1,2026-09-23 15:25:21
L,298.1,308.9,1367,41.9,113,0,0,V1,2026-09-23 15:25:21
L,296.5,307.5,1566,35.1,206,0,0,V1,2026-09-23 15:25:21
L,302.2,311.1,1470,39.6,97,0,0,V1,2026-09-23 15:25:21
L,296.8,308.1,1356,48.3,201,0,0,V1,2026-09-23 15:25:21
L,301.3,310.5,1503,48.6,72,0,0,V1,2026-09-23 15:25:21
L,302.6,312.1,1344,51.0,206,1,0,V1,2026-09-23 15:25:21
L,297.7,308.7,1731,28.4,104,0,0,V1,2026-09-23 15:25:21
L,300.0,309.3,1558,29.7,168,0,0,V1,2026-09-23 15:25:21
M,298.4,309.5,1519,35.4,133,0,0,V1,2026-09-23 15:25:21
L,301.3,310.8,1560,38.5,52,0,0,V1,2026-09-23 15:25:21
L,298.6,309.7,1356,54.0,6,0,0,V1,2026-09-23 15:25:21
L,297.1,307.8,1536,40.4,92,0,0,V1,2026-09-23 15:25:21
M,304.2,313.5,1557,37.3,164,0,0,V1,2026-09-23 15:25:21
L,297.0,307.7,1447,46.4,8,0,0,V1,2026-09-23 15:25:21
L,298.2,308.6,1353,54.1,38,0,0,V1,2026-09-23 15:25:21
L,302.0,310.8,1454,36.6,0,0,0,V1,2026-09-23 15:25:21
H,301.7,310.1,1660,29.3,72,0,0,V1,2026-09-23 15:25:21
M,298.9,308.9,1727,27.1,37,0,0,V1,2026-09-23 15:25:21
M,300.4,311.5,1476,32.6,144,0,0,V1,2026-09-23 15:25:21
M,297.5,308.6,1255,60.7,77,0,0,V1,2026-09-23 15:25:21
L,300.1,309.2,1427,37.6,73,0,0,V1,2026-09-23 15:25:21
M,301.5,310.8,1385,47.5,30,0,0,V1,2026-09-23 15:25:21
L,301.7,311.0,1715,24.8,17,0,0,V1,2026-09-23 15:25:21
M,300.5,309.5,1691,27.6,67,0,0,V1,2026-09-23 15:25:21
M,300.7,309.6,1996,19.8,203,0,1,V1,2026-09-23 15:25:21
L,302.9,311.2,1751,23.8,196,0,0,V1,2026-09-23 15:25:21
L,298.6,309.8,1370,56.0,0,0,0,V1,2026-09-23 15:25:21
M,298.8,309.0,1592,38.2,169,0,0,V1,2026-09-23 15:25:21
L,298.1,307.4,1608,33.9,193,0,0,V1,2026-09-23 15:25:21
L,297.2,308.1,1431,49.7,210,0,1,V1,2026-09-23 15:25:21
M,300.5,309.4,1347,50.1,213,0,0,V1,2026-09-23 15:25:21
L,301.2,310.6,1437,51.2,112,0,0,V1,2026-09-23 15:25:21
M,297.4,308.6,1522,38.0,33,0,0,V1,2026-09-23 15:25:21
L,301.0,311.4,1484,36.2,188,0,0,V1,2026-09-23 15:25:21
L,303.6,311.8,1695,30.7,90,0,0,V1,2026-09-23 15:25:21
L,298.4,308.5,1741,32.8,112,0,0,V1,2026-09-23 15:25:21
M,301.6,310.4,1377,44.9,161,0,0,V1,2026-09-23 15:25:21
L,299.5,309.2,1816,23.0,15,0,0,V1,2026-09-23 15:25:21
M,301.9,310.9,1569,32.5,188,0,0,V1,2026-09-23 15:25:21
M,299.6,309.3,1387,48.3,25,0,0,V1,2026-09-23 15:25:21
L,302.3,311.5,1448,49.6,28,0,0,V1,2026-09-23 15:25:21
L,303.2,311.5,1544,42.5,227,0,0,V1,2026-09-23 15:25:21
L,299.3,310.6,1480,45.1,107,0,0,V1,2026-09-23 15:25:21
H,300.8,310.8,1618,32.8,40,0,0,V1,2026-09-23 15:25:21
L,300.8,310.9,1748,29.9,140,0,0,V1,2026-09-23 15:25:21
L,297.4,308.4,1580,41.2,66,0,0,V1,2026-09-23 15:25:21
L,300.8,310.9,1453,43.9,84,0,0,V1,2026-09-23 15:25:21
M,301.1,310.6,1410,43.9,73,0,0,V1,2026-09-23 15:25:21
M,300.7,309.5,1838,24.9,66,0,0,V1,2026-09-23 15:25:21
L,297.2,308.5,1471,41.7,41,0,0,V1,2026-09-23 15:25:21
M,303.5,313.0,1403,51.9,77,0,0,V1,2026-09-23 15:25:21
L,301.6,310.0,1566,30.3,79,0,0,V1,2026-09-23 15:25:21
L,300.2,309.5,2183,17.8,39,0,0,V1,2026-09-23 15:25:21
L,301.7,311.1,1455,39.8,118,0,0,V1,2026-09-23 15:25:21
L,298.3,309.4,1618,31.5,108,0,0,V1,2026-09-23 15:25:21
M,299.0,310.3,1540,38.1,182,0,0,V1,2026-09-23 15:25:21
H,298.6,308.3,1377,52.1,181,0,0,V1,2026-09-23 15:25:21
L,298.9,310.1,1495,42.9,175,0,0,V1,2026-09-23 15:25:21
L,301.1,310.8,1274,55.7,169,0,0,V1,2026-09-23 15:25:21
L,300.1,309.7,1481,37.9,34,0,0,V1,2026-09-23 15:25:21
L,303.9,313.0,1551,36.8,140,0,0,V1,2026-09-23 15:25:21
M,300.7,309.6,1439,43.0,61,0,0,V1,2026-09-23 15:25:21
L,300.3,311.7,1579,33.6,59,0,0,V1,2026-09-23 15:25:21
H,300.1,311.4,1377,56.7,50,0,0,V1,2026-09-23 15:25:21
L,297.6,309.4,1958,22.1,108,0,0,V1,2026-09-23 15:25:21
L,298.2,309.0,1353,57.8,89,0,0,V1,2026-09-23 15:25:21
L,297.7,308.5,1373,56.7,203,1,1,V1,2026-09-23 15:25:21
L,298.5,308.1,1662,28.6,48,0,0,V1,2026-09-23 15:25:21
M,301.0,312.0,1558,37.5,190,0,0,V1,2026-09-23 15:25:21
L,299.4,309.1,2421,14.2,57,0,0,V1,2026-09-23 15:25:21
L,299.1,310.3,1449,40.7,40,0,0,V1,2026-09-23 15:25:21
L,297.1,307.9,1507,38.3,170,0,0,V1,2026-09-23 15:25:21
L,300.6,309.4,1552,36.4,113,0,0,V1,2026-09-23 15:25:21
L,302.4,310.3,1923,23.3,172,0,0,V1,2026-09-23 15:25:21
L,302.6,311.5,1599,37.0,211,0,0,V1,2026-09-23 15:25:21
L,300.3,311.1,1605,37.1,160,0,0,V1,2026-09-23 15:25:21
H,299.9,311.3,1413,41.8,153,0,0,V1,2026-09-23 15:25:21
L,299.3,310.8,1483,43.5,15,0,0,V1,2026-09-23 15:25:21
M,299.7,310.3,1661,34.5,6,0,0,V1,2026-09-23 15:25:21
L,300.3,311.7,1515,37.5,5,0,0,V1,2026-09-23 15:25:21
L,299.0,308.6,1297,54.2,110,0,0,V1,2026-09-23 15:25:21
M,299.7,311.1,1618,30.3,125,0,0,V1,2026-09-23 15:25:21
M,298.7,309.8,1475,40.5,59,0,0,V1,2026-09-23 15:25:21
H,298.9,308.7,1353,48.1,79,0,0,V1,2026-09-23 15:25:21
H,299.1,310.0,1431,49.5,205,0,0,V1,2026-09-23 15:25:21
M,303.7,312.8,1685,31.8,203,0,0,V1,2026-09-23 15:25:21
M,302.2,311.4,1372,55.1,9,1,0,V1,2026-09-23 15:25:21
M,299.6,310.8,1427,50.4,98,0,0,V1,2026-09-23 15:25:21
L,300.9,312.0,1500,44.2,188,0,0,V1,2026-09-23 15:25:21
L,302.7,312.4,1360,47.8,11,0,0,V1,2026-09-23 15:25:21
L,299.5,309.3,1577,36.6,14,0,0,V1,2026-09-23 15:25:21
M,299.6,309.1,1471,44.3,67,0,0,V1,2026-09-23 15:25:21
L,302.5,312.0,1574,42.0,188,0,0,V1,2026-09-23 15:25:21
L,303.7,311.9,1561,33.3,153,0,0,V1,2026-09-23 15:25:21
M,299.1,310.5,1428,43.0,53,0,0,V1,2026-09-23 15:25:21
M,298.5,309.3,1498,34.6,46,0,0,V1,2026-09-23 15:25:21
L,299.4,309.0,1507,41.0,213,0,0,V1,2026-09-23 15:25:21
L,301.0,311.0,1582,37.5,176,0,0,V1,2026-09-23 15:25:21
L,298.4,308.1,1491,50.0,156,0,0,V1,2026-09-23 15:25:21
L,299.3,310.4,1365,53.9,171,0,0,V1,2026-09-23 15:25:21
L,301.7,310.6,1486,38.5,78,0,0,V1,2026-09-23 15:25:21
L,302.9,312.3,1578,36.3,141,0,0,V1,2026-09-23 15:25:21
H,297.9,307.8,1635,34.0,142,0,0,V1,2026-09-23 15:25:21
L,301.4,310.9,1536,38.3,9,0,0,V1,2026-09-23 15:25:21
M,303.9,313.2,1570,40.7,74,0,0,V1,2026-09-23 15:25:21
L,300.4,311.2,1406,43.6,22,0,0,V1,2026-09-23 15:25:21
M,301.5,310.5,1623,33.5,157,0,0,V1,2026-09-23 15:25:21
L,299.6,310.1,1553,38.0,83,0,0,V1,2026-09-23 15:25:21
L,298.3,307.7,1465,49.4,109,0,0,V1,2026-09-23 15:25:21
H,298.3,310.1,1509,37.6,85,0,0,V1,2026-09-23 15:25:21
M,300.8,311.2,1429,52.3,77,0,0,V1,2026-09-23 15:25:21
M,298.5,309.3,1551,34.7,121,0,0,V1,2026-09-23 15:25:21
L,303.9,313.2,1345,48.2,77,0,0,V1,2026-09-23 15:25:21
L,302.0,309.9,1407,52.8,154,0,0,V1,2026-09-23 15:25:21
L,299.3,309.0,1449,46.5,121,0,0,V1,2026-09-23 15:25:21
M,302.3,311.0,1384,49.7,192,0,0,V1,2026-09-23 15:25:21
H,302.1,310.7,1294,62.4,101,1,1,V1,2026-09-23 15:25:21
L,301.5,310.7,1408,47.3,79,0,0,V1,2026-09-23 15:25:21
L,300.4,311.7,1373,47.2,3,0,0,V1,2026-09-23 15:25:21
M,300.2,310.1,1550,38.7,45,0,0,V1,2026-09-23 15:25:21
L,299.2,308.6,1582,38.8,156,0,0,V1,2026-09-23 15:25:21
L,297.3,308.2,1601,35.7,9,0,0,V1,2026-09-23 15:25:21
M,298.1,307.6,1764,27.7,23,0,0,V1,2026-09-23 15:25:21
L,302.5,311.2,1227,60.1,167,1,0,V1,2026-09-23 15:25:21
M,300.1,310.4,1556,38.1,92,0,0,V1,2026-09-23 15:25:21
L,298.9,310.1,1523,39.1,53,0,0,V1,2026-09-23 15:25:21
L,298.7,308.5,1467,40.7,106,0,0,V1,2026-09-23 15:25:21
M,303.7,312.3,1756,26.4,190,0,0,V1,2026-09-23 15:25:21
L,300.6,309.8,1418,42.7,147,0,0,V1,2026-09-23 15:25:21
M,300.0,311.5,1451,49.0,115,0,0,V1,2026-09-23 15:25:21
M,300.0,311.4,1537,35.4,120,0,0,V1,2026-09-23 15:25:21
L,297.5,308.3,1437,42.3,29,0,0,V1,2026-09-23 15:25:21
L,300.3,311.5,1552,38.9,23,0,0,V1,2026-09-23 15:25:21
H,303.3,311.8,1649,29.4,49,0,0,V1,2026-09-23 15:25:21
L,300.7,309.9,1815,27.0,190,0,0,V1,2026-09-23 15:25:21
L,298.9,309.6,1663,33.7,195,0,0,V1,2026-09-23 15:25:21
L,295.6,306.2,1428,44.5,51,0,0,V1,2026-09-23 15:25:21
L,300.6,310.2,1447,45.9,17,0,0,V1,2026-09-23 15:25:21
L,301.3,310.6,1510,38.5,47,0,0,V1,2026-09-23 15:25:21
M,301.8,311.3,1542,40.1,142,0,0,V1,2026-09-23 15:25:21
L,302.0,310.4,1336,58.2,110,1,1,V1,2026-09-23 15:25:21
L,304.4,313.6,1507,43.1,13,0,0,V1,2026-09-23 15:25:21
L,301.3,311.1,1624,40.9,0,0,0,V1,2026-09-23 15:25:21
L,298.7,308.5,1616,30.2,34,0,0,V1,2026-09-23 15:25:21
M,298.1,309.0,2042,17.8,129,0,0,V1,2026-09-23 15:25:21
L,300.1,311.4,1729,29.3,71,0,0,V1,2026-09-23 15:25:21
L,298.8,309.9,1739,30.6,83,0,0,V1,2026-09-23 15:25:21
L,297.4,308.4,2151,17.7,0,0,0,V1,2026-09-23 15:25:21
L,298.9,310.2,1359,56.9,166,0,0,V1,2026-09-23 15:25:21
L,299.0,308.9,1615,30.6,14,0,0,V1,2026-09-23 15:25:21
L,296.3,307.3,1567,31.4,5,0,0,V1,2026-09-23 15:25:21
M,298.8,309.7,2098,19.0,133,0,0,V1,2026-09-23 15:25:21
L,303.0,312.6,1451,42.1,125,0,0,V1,2026-09-23 15:25:21
L,304.0,313.2,1314,47.1,144,0,0,V1,2026-09-23 15:25:21
L,297.9,307.9,1412,44.5,85,0,0,V1,2026-09-23 15:25:21
L,300.5,312.0,1498,42.9,25,0,0,V1,2026-09-23 15:25:21
M,301.4,310.0,1689,32.1,207,0,0,V1,2026-09-23 15:25:21
L,297.2,308.3,1379,52.1,21,0,0,V1,2026-09-23 15:25:21
L,304.4,313.6,1568,39.1,0,0,0,V1,2026-09-23 15:25:21
H,302.9,311.2,2102,17.8,91,0,0,V1,2026-09-23 15:25:21
L,300.9,310.7,1359,46.0,151,0,0,V1,2026-09-23 15:25:21
L,301.9,309.7,1595,31.4,133,0,0,V1,2026-09-23 15:25:21
L,298.1,309.4,1397,48.2,63,0,0,V1,2026-09-23 15:25:21
H,298.0,307.9,1482,37.8,132,0,0,V1,2026-09-23 15:25:21
L,297.4,308.3,1336,53.7,61,0,0,V1,2026-09-23 15:25:21
M,300.7,310.6,1484,38.0,84,0,0,V1,2026-09-23 15:25:21
L,296.9,308.0,1713,29.3,13,0,0,V1,2026-09-23 15:25:21
L,298.2,307.9,1769,27.2,188,0,0,V1,2026-09-23 15:25:21
M,299.9,311.3,1389,50.0,55,0,0,V1,2026-09-23 15:25:21
M,298.0,308.2,2090,19.0,143,0,0,V1,2026-09-23 15:25:21
L,301.0,310.8,1527,45.3,8,0,0,V1,2026-09-23 15:25:21
L,300.3,311.5,1466,46.2,62,0,0,V1,2026-09-23 15:25:21
L,301.8,310.3,1688,28.8,31,0,0,V1,2026-09-23 15:25:21
M,299.9,310.5,1335,52.9,180,0,0,V1,2026-09-23 15:25:21
M,299.8,309.7,1556,37.7,124,0,0,V1,2026-09-23 15:25:21
M,298.3,307.8,1457,52.5,98,0,0,V1,2026-09-23 15:25:21
L,303.9,313.3,1526,40.7,164,0,0,V1,2026-09-23 15:25:21
M,298.8,308.6,1507,42.3,207,0,0,V1,2026-09-23 15:25:21
L,297.5,308.9,1581,30.4,155,0,0,V1,2026-09-23 15:25:21
M,300.4,311.4,1604,31.7,119,0,0,V1,2026-09-23 15:25:21
L,300.8,309.7,1519,35.8,14,0,0,V1,2026-09-23 15:25:21
L,302.2,311.2,1451,41.8,66,0,0,V1,2026-09-23 15:25:21
M,301.5,310.7,1744,28.2,61,0,0,V1,2026-09-23 15:25:21
L,301.9,310.4,1286,62.8,22,1,1,V1,2026-09-23 15:25:21
L,299.5,310.7,1472,40.9,104,0,0,V1,2026-09-23 15:25:21
H,299.3,308.7,1408,44.4,82,0,0,V1,2026-09-23 15:25:21
L,299.9,310.9,1292,51.1,173,0,0,V1,2026-09-23 15:25:21
L,298.7,309.9,1372,54.7,44,0,0,V1,2026-09-23 15:25:21
L,303.5,312.0,1761,25.8,105,0,0,V1,2026-09-23 15:25:21
L,299.6,311.1,1521,37.2,131,0,0,V1,2026-09-23 15:25:21
L,303.2,312.5,1518,39.9,146,0,0,V1,2026-09-23 15:25:21
L,303.0,311.2,1800,23.7,61,0,0,V1,2026-09-23 15:25:21
H,302.3,311.7,1456,45.4,130,0,0,V1,2026-09-23 15:25:21
L,300.7,310.5,1357,52.6,199,1,0,V1,2026-09-23 15:25:21
M,301.9,310.9,1573,38.9,209,0,0,V1,2026-09-23 15:25:21
L,301.6,310.6,1834,23.5,146,0,0,V1,2026-09-23 15:25:21
H,299.4,309.3,1439,49.7,9,0,0,V1,2026-09-23 15:25:21
L,298.7,310.2,1402,45.9,30,0,0,V1,2026-09-23 15:25:21
L,300.6,309.6,1423,49.1,74,0,0,V1,2026-09-23 15:25:21
M,298.9,310.4,1533,44.4,24,0,0,V1,2026-09-23 15:25:21
L,299.1,308.3,1533,42.4,48,0,0,V1,2026-09-23 15:25:21
L,302.4,310.2,1642,28.3,88,0,0,V1,2026-09-23 15:25:21
L,302.4,310.9,1349,46.1,148,1,1,V1,2026-09-23 15:25:21
L,302.0,310.4,1895,23.2,161,0,0,V1,2026-09-23 15:25:21
H,302.3,311.9,1374,52.4,154,1,0,V1,2026-09-23 15:25:21
L,300.8,310.2,1520,37.7,193,0,0,V1,2026-09-23 15:25:21
M,304.1,313.5,1428,39.9,88,0,0,V1,2026-09-23 15:25:21
L,302.0,310.4,1357,58.0,108,1,1,V1,2026-09-23 15:25:21
L,302.2,311.7,1412,44.5,204,0,0,V1,2026-09-23 15:25:21
L,297.2,308.5,1518,44.3,163,0,0,V1,2026-09-23 15:25:21
L,300.5,310.6,1543,36.2,30,0,0,V1,2026-09-23 15:25:21
M,303.9,313.1,1473,42.8,97,0,0,V1,2026-09-23 15:25:21
L,303.9,313.1,1491,37.2,195,0,0,V1,2026-09-23 15:25:21
H,298.2,309.0,1371,55.7,23,0,0,V1,2026-09-23 15:25:21
M,302.3,311.2,1507,47.7,70,0,0,V1,2026-09-23 15:25:21
L,299.3,308.6,1744,26.4,33,0,0,V1,2026-09-23 15:25:21
H,299.9,310.3,1535,43.9,154,0,0,V1,2026-09-23 15:25:21
H,303.6,312.2,1371,54.6,112,0,1,V1,2026-09-23 15:25:21
M,301.3,311.2,1438,42.4,7,0,0,V1,2026-09-23 15:25:21
M,299.0,310.3,1303,68.6,111,1,1,V1,2026-09-23 15:25:21
H,300.7,309.6,1925,20.5,9,0,0,V1,2026-09-23 15:25:21
M,298.8,309.2,1452,48.6,98,0,0,V1,2026-09-23 15:25:21
L,299.2,310.3,1610,33.3,233,0,0,V1,2026-09-23 15:25:21
L,303.4,312.7,1534,35.5,98,0,0,V1,2026-09-23 15:25:21
L,297.5,308.9,1469,44.0,185,0,0,V1,2026-09-23 15:25:21
H,303.1,311.3,2056,19.7,167,0,0,V1,2026-09-23 15:25:21
M,299.7,310.6,1572,38.0,139,0,0,V1,2026-09-23 15:25:21
L,302.4,311.8,1451,42.0,110,0,0,V1,2026-09-23 15:25:21
M,298.7,309.6,1800,24.8,78,0,0,V1,2026-09-23 15:25:21
L,302.8,312.1,1487,36.6,84,0,0,V1,2026-09-23 15:25:21
L,299.6,311.0,1552,33.2,139,0,0,V1,2026-09-23 15:25:21
M,295.8,306.5,1641,32.2,101,0,0,V1,2026-09-23 15:25:21
M,299.1,310.1,1570,30.9,226,0,0,V1,2026-09-23 15:25:21
L,297.2,308.6,1578,34.4,76,0,0,V1,2026-09-23 15:25:21
H,300.9,310.4,1457,43.8,69,0,0,V1,2026-09-23 15:25:21
L,301.5,311.1,1469,49.5,107,0,0,V1,2026-09-23 15:25:21
L,301.4,311.1,1462,37.1,41,0,0,V1,2026-09-23 15:25:21
H,300.9,311.9,1513,38.0,38,0,0,V1,2026-09-23 15:25:21
L,302.2,311.5,1424,45.2,39,0,0,V1,2026-09-23 15:25:21
L,300.8,310.4,1368,46.8,21,0,0,V1,2026-09-23 15:25:21
L,301.5,310.5,1466,48.1,189,0,0,V1,2026-09-23 15:25:21
M,302.1,310.7,1376,46.3,210,1,1,V1,2026-09-23 15:25:21
H,298.8,309.6,1309,57.4,185,0,0,V1,2026-09-23 15:25:21
L,300.2,311.5,1383,42.1,60,0,0,V1,2026-09-23 15:25:21
M,298.7,309.6,1452,42.7,180,0,0,V1,2026-09-23 15:25:21
L,302.6,310.4,1478,47.7,189,0,0,V1,2026-09-23 15:25:21
M,300.8,310.6,1545,37.5,155,0,0,V1,2026-09-23 15:25:21
L,297.1,308.3,1763,25.7,139,0,0,V1,2026-09-23 15:25:21
H,300.0,311.4,1641,34.5,155,0,0,V1,2026-09-23 15:25:21
M,300.7,309.5,1622,30.5,14,0,0,V1,2026-09-23 15:25:21
L,297.4,308.5,1501,44.9,20,0,0,V1,2026-09-23 15:25:21
L,300.2,311.0,1627,33.7,147,0,0,V1,2026-09-23 15:25:21
L,302.4,311.9,1452,43.1,137,0,0,V1,2026-09-23 15:25:21
M,303.9,313.1,1514,41.1,121,0,0,V1,2026-09-23 15:25:21
L,297.3,308.4,1472,41.3,67,0,0,V1,2026-09-23 15:25:21
L,298.9,310.0,1470,45.9,109,0,0,V1,2026-09-23 15:25:21
M,302.3,311.2,1546,40.0,71,0,0,V1,2026-09-23 15:25:21
L,297.2,308.7,1463,49.9,146,0,0,V1,2026-09-23 15:25:21
L,301.5,310.6,1481,46.8,20,0,0,V1,2026-09-23 15:25:21
L,299.2,310.2,1609,33.2,156,0,0,V1,2026-09-23 15:25:21
L,300.0,309.6,1571,33.1,65,0,0,V1,2026-09-23 15:25:21
M,298.9,309.9,1449,44.1,112,0,0,V1,2026-09-23 15:25:21
L,299.2,310.6,1675,33.3,28,0,0,V1,2026-09-23 15:25:21
L,302.3,310.9,1529,33.4,62,0,0,V1,2026-09-23 15:25:21
L,300.9,310.9,1228,66.4,109,1,0,V1,2026-09-23 15:25:21
M,300.3,311.7,1374,47.9,222,0,1,V1,2026-09-23 15:25:21
L,297.4,308.7,1545,36.9,125,0,0,V1,2026-09-23 15:25:21
M,300.2,310.4,1202,61.7,74,0,0,V1,2026-09-23 15:25:21
L,298.1,308.7,1556,31.6,145,0,0,V1,2026-09-23 15:25:21
M,300.6,309.4,1452,39.4,78,0,0,V1,2026-09-23 15:25:21
L,299.9,309.4,1858,22.5,22,0,0,V1,2026-09-23 15:25:21
M,298.2,309.0,1694,28.0,5,0,0,V1,2026-09-23 15:25:21
L,302.6,311.9,1598,35.5,69,0,0,V1,2026-09-23 15:25:21
H,301.4,310.7,1516,36.4,83,0,0,V1,2026-09-23 15:25:21
L,298.1,307.7,1767,27.0,127,0,0,V1,2026-09-23 15:25:21
L,297.6,308.3,1658,34.3,59,0,0,V1,2026-09-23 15:25:21
L,298.8,309.9,1568,33.7,13,0,0,V1,2026-09-23 15:25:21
H,300.3,309.5,1438,44.0,59,0,0,V1,2026-09-23 15:25:21
L,300.6,310.5,1570,38.3,14,0,0,V1,2026-09-23 15:25:21
H,300.7,310.8,1296,58.2,204,0,0,V1,2026-09-23 15:25:21
L,300.0,311.3,1407,47.3,208,1,0,V1,2026-09-23 15:25:21
L,296.6,307.5,1582,37.9,197,0,0,V1,2026-09-23 15:25:21
H,303.7,312.6,1711,27.6,170,0,0,V1,2026-09-23 15:25:21
M,299.5,310.9,1577,34.6,159,0,0,V1,2026-09-23 15:25:21
L,297.9,309.1,1521,36.1,15,0,0,V1,2026-09-23 15:25:21
L,298.5,309.4,1517,40.2,45,0,0,V1,2026-09-23 15:25:21
L,296.8,307.7,1565,40.1,89,0,0,V1,2026-09-23 15:25:21
L,298.9,308.3,1855,23.8,33,0,0,V1,2026-09-23 15:25:21
L,297.5,309.4,1803,24.7,98,0,0,V1,2026-09-23 15:25:21
L,300.2,309.4,1526,35.3,46,0,0,V1,2026-09-23 15:25:21
H,300.6,309.7,1470,43.8,18,0,0,V1,2026-09-23 15:25:21
H,298.9,309.3,1375,42.7,58,0,0,V1,2026-09-23 15:25:21
L,301.2,310.4,1515,38.4,51,0,0,V1,2026-09-23 15:25:21
M,302.3,311.4,1571,32.7,17,0,0,V1,2026-09-23 15:25:21
M,299.5,308.9,1448,42.9,74,0,0,V1,2026-09-23 15:25:21
L,302.7,312.2,1572,34.4,228,0,0,V1,2026-09-23 15:25:21
H,299.5,309.2,1872,22.6,162,0,0,V1,2026-09-23 15:25:21
L,299.4,308.9,1440,42.5,87,0,0,V1,2026-09-23 15:25:21
L,298.6,309.7,1925,22.1,7,0,0,V1,2026-09-23 15:25:21
M,303.9,312.9,1430,53.5,189,0,0,V1,2026-09-23 15:25:21
L,300.8,310.7,1339,59.1,203,1,1,V1,2026-09-23 15:25:21
L,300.4,311.4,1552,28.8,135,0,0,V1,2026-09-23 15:25:21
L,298.7,309.9,1483,32.8,142,0,0,V1,2026-09-23 15:25:21
L,300.5,311.5,1499,37.6,73,0,0,V1,2026-09-23 15:25:21
L,297.7,308.9,1516,33.7,92,0,0,V1,2026-09-23 15:25:21
M,297.2,308.2,1405,42.5,204,0,0,V1,2026-09-23 15:25:21
L,301.6,310.5,1809,25.5,40,0,0,V1,2026-09-23 15:25:21
L,299.3,310.8,1391,46.9,21,0,0,V1,2026-09-23 15:25:21
L,301.3,310.4,1459,44.7,92,0,0,V1,2026-09-23 15:25:21
L,302.7,312.4,1423,51.9,60,0,0,V1,2026-09-23 15:25:21
L,301.7,310.8,1493,47.6,145,0,0,V1,2026-09-23 15:25:21
L,300.9,309.7,1431,41.4,199,0,0,V1,2026-09-23 15:25:21
L,299.1,310.6,1921,23.9,158,0,0,V1,2026-09-23 15:25:21
H,300.7,309.5,1667,30.5,29,0,0,V1,2026-09-23 15:25:21
L,298.1,308.0,1652,28.5,63,0,0,V1,2026-09-23 15:25:21
M,302.3,311.7,1540,28.9,149,0,0,V1,2026-09-23 15:25:21
M,300.4,309.8,1517,40.3,149,0,0,V1,2026-09-23 15:25:21
M,301.5,310.4,1486,39.6,144,0,0,V1,2026-09-23 15:25:21
L,302.0,310.8,1447,42.7,229,1,0,V1,2026-09-23 15:25:21
L,298.0,308.3,1405,56.2,218,1,1,V1,2026-09-23 15:25:21
L,300.9,310.8,1517,44.3,4,0,0,V1,2026-09-23 15:25:21
M,297.8,309.0,1434,43.3,96,0,0,V1,2026-09-23 15:25:21
L,300.3,311.8,1547,39.7,121,0,0,V1,2026-09-23 15:25:21
L,296.9,307.6,1514,35.7,100,0,0,V1,2026-09-23 15:25:21
L,300.8,311.3,1782,26.9,116,0,0,V1,2026-09-23 15:25:21
L,297.0,308.1,1355,43.7,217,1,0,V1,2026-09-23 15:25:21
L,302.6,311.6,1311,53.2,0,1,0,V1,2026-09-23 15:25:21
H,300.8,311.7,1468,38.7,39,0,0,V1,2026-09-23 15:25:21
M,303.4,311.4,1606,29.6,122,0,0,V1,2026-09-23 15:25:21
M,302.5,312.0,1445,54.8,0,0,0,V1,2026-09-23 15:25:21
M,299.5,310.8,1754,31.3,114,0,0,V1,2026-09-23 15:25:21
L,298.1,308.6,1439,44.9,205,0,0,V1,2026-09-23 15:25:21
M,301.0,310.7,1517,40.2,171,0,0,V1,2026-09-23 15:25:21
L,298.5,309.7,1613,36.7,0,0,0,V1,2026-09-23 15:25:21
H,300.1,311.5,1383,49.1,33,0,0,V1,2026-09-23 15:25:21
L,298.2,308.2,1407,47.1,153,0,0,V1,2026-09-23 15:25:21
L,297.3,309.0,1548,37.4,171,0,0,V1,2026-09-23 15:25:21
M,300.3,311.6,1359,54.1,81,0,0,V1,2026-09-23 15:25:21
L,295.9,306.4,1575,28.5,74,0,0,V1,2026-09-23 15:25:21
L,299.0,310.2,1412,44.1,246,0,0,V1,2026-09-23 15:25:21
M,299.4,309.3,1485,47.1,209,0,0,V1,2026-09-23 15:25:21
L,302.5,312.0,1574,33.8,63,0,0,V1,2026-09-23 15:25:21
L,301.3,310.7,1594,34.1,172,0,0,V1,2026-09-23 15:25:21
L,303.6,312.6,1699,27.9,160,0,0,V1,2026-09-23 15:25:21
L,300.2,309.4,1527,37.0,194,0,0,V1,2026-09-23 15:25:21
M,299.4,309.2,1470,44.4,135,0,0,V1,2026-09-23 15:25:21
M,297.9,307.8,1303,59.3,75,0,0,V1,2026-09-23 15:25:21
M,299.4,309.4,1326,47.5,35,0,0,V1,2026-09-23 15:25:21
L,300.8,311.7,1426,45.5,16,0,0,V1,2026-09-23 15:25:21
L,299.5,310.8,1873,22.3,211,1,0,V1,2026-09-23 15:25:21
L,302.2,311.1,1630,34.6,94,0,0,V1,2026-09-23 15:25:21
H,297.4,308.7,1323,51.1,130,0,0,V1,2026-09-23 15:25:21
L,297.8,308.9,1530,37.6,106,0,0,V1,2026-09-23 15:25:21
L,300.0,309.3,1395,56.5,122,0,0,V1,2026-09-23 15:25:21
L,300.4,310.1,1503,42.2,196,0,0,V1,2026-09-23 15:25:21
L,303.5,312.9,1275,64.4,113,1,0,V1,2026-09-23 15:25:21
L,299.8,311.1,1588,38.0,183,0,0,V1,2026-09-23 15:25:21
M,301.2,311.6,1423,48.0,199,0,0,V1,2026-09-23 15:25:21
L,298.2,307.9,1544,31.4,192,0,0,V1,2026-09-23 15:25:21
L,298.4,309.6,1710,27.3,163,0,1,V1,2026-09-23 15:25:21
L,298.2,307.8,1355,59.4,115,0,0,V1,2026-09-23 15:25:21
L,297.5,308.9,1696,30.9,133,0,0,V1,2026-09-23 15:25:21
M,301.5,310.6,1447,41.9,140,0,0,V1,2026-09-23 15:25:21
H,300.3,311.8,2141,18.5,204,0,0,V1,2026-09-23 15:25:21
M,298.0,307.5,1387,45.5,166,0,0,V1,2026-09-23 15:25:21
M,296.9,307.8,1392,43.9,0,0,0,V1,2026-09-23 15:25:21
L,301.8,310.7,1523,43.3,60,0,0,V1,2026-09-23 15:25:21
L,298.2,309.1,1539,36.5,134,0,0,V1,2026-09-23 15:25:21
L,298.4,309.7,1419,41.3,159,0,0,V1,2026-09-23 15:25:21
H,303.9,313.2,1680,29.1,201,0,0,V1,2026-09-23 15:25:21
L,303.5,312.2,1511,37.1,27,0,0,V1,2026-09-23 15:25:21
L,297.7,308.2,1500,39.9,158,0,0,V1,2026-09-23 15:25:21
L,297.3,308.3,1471,38.2,37,0,0,V1,2026-09-23 15:25:21
L,301.1,309.8,1519,39.6,167,0,0,V1,2026-09-23 15:25:21
L,304.2,313.3,1668,35.7,180,0,0,V1,2026-09-23 15:25:21
H,295.6,306.2,1632,32.2,76,0,0,V1,2026-09-23 15:25:21
L,297.5,308.4,1723,27.3,67,0,0,V1,2026-09-23 15:25:21
L,301.1,311.3,1630,29.5,51,0,0,V1,2026-09-23 15:25:21
L,299.8,309.0,1614,30.8,100,0,0,V1,2026-09-23 15:25:21
L,300.2,310.4,1808,25.8,35,0,0,V1,2026-09-23 15:25:21
L,299.1,308.2,1319,60.3,36,0,0,V1,2026-09-23 15:25:21
L,299.8,309.8,1542,39.4,155,0,0,V1,2026-09-23 15:25:21
M,300.2,309.6,1528,35.1,44,0,0,V1,2026-09-23 15:25:21
L,302.0,309.7,1551,34.8,207,0,0,V1,2026-09-23 15:25:21
L,303.6,313.0,1593,31.6,52,0,0,V1,2026-09-23 15:25:21
M,303.5,312.3,1624,34.8,121,0,0,V1,2026-09-23 15:25:21
L,300.3,309.9,1518,36.4,0,0,0,V1,2026-09-23 15:25:21
L,300.4,311.8,1367,57.2,10,0,0,V1,2026-09-23 15:25:21
L,298.7,308.5,1444,54.2,62,0,0,V1,2026-09-23 15:25:21
L,302.3,311.6,1784,26.4,79,0,0,V1,2026-09-23 15:25:21
L,295.5,306.1,1488,40.7,31,0,0,V1,2026-09-23 15:25:21
M,303.0,311.2,1592,38.9,188,0,0,V1,2026-09-23 15:25:21
L,299.8,309.2,1491,47.5,216,0,0,V1,2026-09-23 15:25:21
L,300.3,311.1,1480,46.6,185,0,0,V1,2026-09-23 15:25:21
L,301.4,310.8,1389,52.7,125,0,0,V1,2026-09-23 15:25:21
L,300.8,309.4,1489,38.4,109,0,0,V1,2026-09-23 15:25:21
M,298.0,308.1,1339,51.6,197,0,0,V1,2026-09-23 15:25:21
L,301.7,311.0,1474,42.6,164,0,0,V1,2026-09-23 15:25:21
H,298.8,310.0,1530,38.3,53,0,0,V1,2026-09-23 15:25:21
L,302.3,311.7,1281,48.8,0,1,0,V1,2026-09-23 15:25:21
L,300.9,312.7,1416,43.8,112,0,0,V1,2026-09-23 15:25:21
H,300.9,311.0,1853,23.6,122,0,0,V1,2026-09-23 15:25:21
L,300.0,310.1,1762,28.0,202,0,0,V1,2026-09-23 15:25:21
L,297.5,308.4,1433,50.0,218,1,0,V1,2026-09-23 15:25:21
L,300.9,311.0,2003,20.2,138,0,0,V1,2026-09-23 15:25:21
M,300.7,309.5,1733,26.7,108,0,0,V1,2026-09-23 15:25:21
M,299.2,308.9,1447,39.6,22,0,0,V1,2026-09-23 15:25:21
M,300.2,309.6,1491,41.8,41,0,0,V1,2026-09-23 15:25:21
L,297.5,308.4,1441,44.5,4,0,0,V1,2026-09-23 15:25:21
M,301.4,310.6,1855,25.3,178,0,0,V1,2026-09-23 15:25:21
L,301.5,311.1,2055,16.8,105,0,0,V1,2026-09-23 15:25:21
L,297.6,308.7,1455,48.2,145,0,0,V1,2026-09-23 15:25:21
H,300.4,310.2,1431,43.2,0,0,0,V1,2026-09-23 15:25:21
M,301.8,309.5,1732,30.1,220,0,0,V1,2026-09-23 15:25:21
M,300.7,311.7,1532,40.0,0,0,0,V1,2026-09-23 15:25:21
M,300.8,310.7,1452,43.0,139,0,0,V1,2026-09-23 15:25:21
M,302.3,311.5,1530,42.3,21,0,0,V1,2026-09-23 15:25:21
L,299.3,309.0,1473,46.3,146,0,0,V1,2026-09-23 15:25:21
M,302.5,311.9,1532,38.8,96,0,0,V1,2026-09-23 15:25:21
M,297.5,308.6,1440,38.8,29,0,0,V1,2026-09-23 15:25:21
L,302.3,310.1,1388,49.9,48,0,0,V1,2026-09-23 15:25:21
L,298.3,309.4,1468,46.2,10,0,0,V1,2026-09-23 15:25:21
L,300.6,309.5,1516,39.0,142,0,0,V1,2026-09-23 15:25:21
M,298.0,308.2,1395,49.1,206,0,0,V1,2026-09-23 15:25:21
L,299.3,309.2,2280,15.4,207,1,0,V1,2026-09-23 15:25:21
M,301.4,310.6,1431,40.6,101,0,0,V1,2026-09-23 15:25:21
L,300.2,309.5,1343,50.2,98,0,0,V1,2026-09-23 15:25:21
H,298.5,309.4,1573,33.6,143,0,0,V1,2026-09-23 15:25:21
L,298.9,310.1,1750,25.0,156,0,0,V1,2026-09-23 15:25:21
L,299.7,309.3,1445,42.6,0,0,0,V1,2026-09-23 15:25:21
L,302.3,311.5,1384,50.8,13,0,0,V1,2026-09-23 15:25:21
L,296.2,306.8,1389,53.3,132,0,0,V1,2026-09-23 15:25:21
L,301.3,310.3,1313,55.6,127,0,0,V1,2026-09-23 15:25:21
H,298.3,309.5,1427,54.3,89,0,0,V1,2026-09-23 15:25:21
L,300.6,310.2,1378,47.3,71,0,0,V1,2026-09-23 15:25:21
L,301.9,310.8,1465,44.3,57,0,0,V1,2026-09-23 15:25:21
L,302.3,310.9,1587,36.6,20,0,0,V1,2026-09-23 15:25:21
M,297.8,307.6,1352,49.4,102,0,0,V1,2026-09-23 15:25:21
M,298.8,309.1,1368,49.1,117,0,0,V1,2026-09-23 15:25:21
L,303.5,312.7,1694,27.3,40,0,0,V1,2026-09-23 15:25:21
L,298.6,310.1,1439,49.9,17,0,0,V1,2026-09-23 15:25:21
L,300.6,310.2,1519,44.6,69,0,0,V1,2026-09-23 15:25:21
L,301.4,311.0,1533,45.8,125,0,0,V1,2026-09-23 15:25:21
M,298.0,308.7,1392,53.4,104,0,0,V1,2026-09-23 15:25:21
L,300.2,310.2,1378,43.9,193,0,0,V1,2026-09-23 15:25:21
M,300.9,311.5,1836,21.8,12,0,0,V1,2026-09-23 15:25:21
L,303.3,312.5,1968,20.6,130,0,0,V1,2026-09-23 15:25:21
M,302.6,311.6,1227,68.2,187,1,1,V1,2026-09-23 15:25:21
M,304.1,313.2,1410,42.4,155,0,0,V1,2026-09-23 15:25:21
L,300.1,309.7,1441,40.1,46,0,0,V1,2026-09-23 15:25:21
M,299.2,308.4,1396,48.7,13,0,0,V1,2026-09-23 15:25:21
L,295.8,306.4,1325,56.2,65,0,0,V1,2026-09-23 15:25:21
M,297.4,309.3,1622,35.0,123,0,0,V1,2026-09-23 15:25:21
L,298.8,310.0,1423,42.1,154,0,0,V1,2026-09-23 15:25:21
M,300.4,311.6,1518,36.4,53,0,0,V1,2026-09-23 15:25:21
L,298.4,308.9,1628,34.9,93,0,0,V1,2026-09-23 15:25:21
L,302.1,310.9,1477,41.4,184,0,0,V1,2026-09-23 15:25:21
L,300.1,311.4,1910,23.0,153,0,0,V1,2026-09-23 15:25:21
M,298.3,309.5,1543,49.9,199,0,0,V1,2026-09-23 15:25:21
M,301.3,310.9,1512,36.9,159,0,0,V1,2026-09-23 15:25:21
H,298.5,308.9,1500,40.3,207,0,0,V1,2026-09-23 15:25:21
L,298.2,308.3,1805,31.6,96,0,0,V1,2026-09-23 15:25:21
M,297.4,308.0,1440,42.4,190,0,0,V1,2026-09-23 15:25:21
M,300.4,311.4,1352,57.3,116,0,0,V1,2026-09-23 15:25:21
L,301.4,310.8,1770,24.1,112,0,0,V1,2026-09-23 15:25:21
L,298.5,308.2,1595,32.3,46,0,0,V1,2026-09-23 15:25:21
M,297.8,307.4,1438,43.6,141,0,0,V1,2026-09-23 15:25:21
H,299.8,310.9,1427,47.2,168,0,0,V1,2026-09-23 15:25:21
M,299.2,308.5,1526,37.3,135,0,0,V1,2026-09-23 15:25:21
M,295.8,306.6,1480,43.2,92,0,0,V1,2026-09-23 15:25:21
H,297.3,308.8,1499,44.2,134,0,0,V1,2026-09-23 15:25:21
L,304.0,313.0,1397,42.4,113,0,0,V1,2026-09-23 15:25:21
M,296.8,307.9,1409,44.3,145,0,0,V1,2026-09-23 15:25:21
M,301.0,309.7,1511,39.3,146,0,0,V1,2026-09-23 15:25:21
L,300.7,309.5,1479,43.6,240,0,0,V1,2026-09-23 15:25:21
L,298.8,308.8,1991,20.7,59,0,0,V1,2026-09-23 15:25:21
M,302.7,311.1,1297,60.7,125,1,1,V1,2026-09-23 15:25:21
L,301.9,311.0,1353,43.8,130,1,0,V1,2026-09-23 15:25:21
L,298.8,309.9,1525,39.7,77,0,0,V1,2026-09-23 15:25:21
L,301.8,310.9,1521,39.3,197,0,0,V1,2026-09-23 15:25:21
H,303.1,311.3,1494,42.7,221,0,0,V1,2026-09-23 15:25:21
L,298.4,308.0,1540,37.8,7,0,0,V1,2026-09-23 15:25:21
M,297.6,308.5,1848,23.7,37,0,0,V1,2026-09-23 15:25:21
L,297.1,308.5,1483,46.9,203,0,0,V1,2026-09-23 15:25:21
M,299.9,309.5,1372,56.2,133,0,0,V1,2026-09-23 15:25:21
L,301.9,310.7,1480,47.1,68,0,0,V1,2026-09-23 15:25:21
L,298.0,307.6,1385,45.0,158,0,0,V1,2026-09-23 15:25:21
L,301.5,310.7,1618,35.5,218,1,0,V1,2026-09-23 15:25:21
L,300.2,311.6,1375,56.9,155,0,0,V1,2026-09-23 15:25:21
M,300.7,310.8,1452,47.9,77,0,0,V1,2026-09-23 15:25:21
H,299.2,310.8,1761,30.4,180,0,0,V1,2026-09-23 15:25:21
L,298.1,308.0,1626,36.5,83,0,0,V1,2026-09-23 15:25:21
M,303.7,312.9,1566,32.6,9,0,0,V1,2026-09-23 15:25:21
L,297.7,309.0,1538,43.2,30,0,0,V1,2026-09-23 15:25:21
L,297.6,307.2,1486,40.6,42,0,0,V1,2026-09-23 15:25:21
H,302.3,311.1,1543,37.5,73,0,0,V1,2026-09-23 15:25:21
L,298.0,308.7,1462,48.2,204,0,0,V1,2026-09-23 15:25:21
M,301.3,311.1,1581,30.9,31,0,0,V1,2026-09-23 15:25:21
L,298.8,309.6,1613,27.7,143,0,0,V1,2026-09-23 15:25:21
L,298.0,307.3,1424,46.5,185,0,0,V1,2026-09-23 15:25:21
M,296.9,308.0,1641,33.3,67,0,0,V1,2026-09-23 15:25:21
M,299.8,310.5,1375,53.9,110,0,0,V1,2026-09-23 15:25:21
M,297.7,307.2,1372,52.8,33,0,0,V1,2026-09-23 15:25:21
L,301.0,312.2,1602,35.9,67,0,0,V1,2026-09-23 15:25:21
L,297.4,308.5,1761,27.2,76,0,0,V1,2026-09-23 15:25:21
L,300.4,311.2,1705,28.7,20,0,0,V1,2026-09-23 15:25:21
H,300.8,312.1,1527,35.1,164,0,0,V1,2026-09-23 15:25:21
L,298.1,308.2,1521,39.3,151,0,0,V1,2026-09-23 15:25:21
M,300.7,310.5,1863,22.2,111,0,0,V1,2026-09-23 15:25:21
M,302.0,310.6,1535,38.6,34,0,0,V1,2026-09-23 15:25:21
H,297.0,308.4,1305,54.6,168,0,0,V1,2026-09-23 15:25:21
M,299.3,310.7,1440,45.5,146,0,0,V1,2026-09-23 15:25:21
L,300.3,310.5,1522,39.1,217,1,0,V1,2026-09-23 15:25:21
L,297.0,308.1,1455,43.5,122,0,0,V1,2026-09-23 15:25:21
L,300.1,311.3,1470,45.2,40,0,0,V1,2026-09-23 15:25:21
L,302.5,312.0,1495,38.8,186,0,0,V1,2026-09-23 15:25:21
L,297.3,308.6,1446,50.1,144,0,0,V1,2026-09-23 15:25:21
L,300.0,311.5,1591,32.0,79,0,0,V1,2026-09-23 15:25:21
M,300.8,311.4,1732,26.9,45,0,0,V1,2026-09-23 15:25:21
L,300.6,312.0,1490,42.2,3,0,0,V1,2026-09-23 15:25:21
L,297.8,309.7,1935,22.1,171,0,0,V1,2026-09-23 15:25:21
L,297.4,308.3,1632,33.5,39,0,0,V1,2026-09-23 15:25:21
M,297.8,307.8,1543,43.7,8,0,0,V1,2026-09-23 15:25:21
L,303.6,311.7,1546,38.5,64,0,0,V1,2026-09-23 15:25:21
L,299.3,310.5,1281,59.8,15,0,0,V1,2026-09-23 15:25:21
L,297.0,307.6,1680,35.8,20,0,0,V1,2026-09-23 15:25:21
L,301.0,310.9,1740,28.9,129,0,0,V1,2026-09-23 15:25:21
L,299.0,308.3,1441,44.0,48,0,0,V1,2026-09-23 15:25:21
L,297.5,308.9,1596,30.7,5,0,0,V1,2026-09-23 15:25:21
L,300.5,311.4,1556,45.3,58,0,0,V1,2026-09-23 15:25:21
M,300.8,310.5,1409,50.6,141,0,0,V1,2026-09-23 15:25:21
L,301.8,310.7,1547,41.7,72,0,0,V1,2026-09-23 15:25:21
M,298.6,310.2,1328,50.5,12,0,0,V1,2026-09-23 15:25:21
H,297.5,308.5,1671,28.0,158,0,0,V1,2026-09-23 15:25:21
L,297.8,308.8,1621,36.1,68,0,0,V1,2026-09-23 15:25:21
L,298.7,310.3,1451,40.0,86,0,0,V1,2026-09-23 15:25:21
M,297.5,308.1,1480,42.4,112,0,0,V1,2026-09-23 15:25:21
M,300.1,310.1,1501,39.3,195,0,0,V1,2026-09-23 15:25:21
L,298.5,309.4,1418,45.1,148,0,0,V1,2026-09-23 15:25:21
M,298.7,308.4,1507,45.7,192,0,0,V1,2026-09-23 15:25:21
M,300.7,309.5,1352,44.0,126,0,0,V1,2026-09-23 15:25:21
M,298.6,309.6,1635,29.7,9,0,0,V1,2026-09-23 15:25:21
L,298.9,309.8,1396,49.0,13,0,0,V1,2026-09-23 15:25:21
M,299.2,308.4,1529,43.0,50,0,0,V1,2026-09-23 15:25:21
L,302.4,310.2,1578,31.2,139,0,0,V1,2026-09-23 15:25:21
M,300.9,309.7,1394,48.8,192,0,0,V1,2026-09-23 15:25:21
L,302.5,312.1,1534,38.6,3,0,0,V1,2026-09-23 15:25:21
L,297.4,308.4,1394,50.1,213,1,0,V1,2026-09-23 15:25:21
L,297.9,308.0,1954,21.1,42,0,0,V1,2026-09-23 15:25:21
L,296.6,307.3,1474,40.0,158,0,0,V1,2026-09-23 15:25:21
L,303.5,312.8,1524,39.4,96,0,0,V1,2026-09-23 15:25:21
H,298.4,308.2,1478,43.5,206,0,0,V1,2026-09-23 15:25:21
H,302.1,310.1,1844,24.6,171,0,0,V1,2026-09-23 15:25:21
L,300.3,309.3,1345,53.5,192,0,0,V1,2026-09-23 15:25:21
H,303.6,312.5,1375,54.0,186,0,0,V1,2026-09-23 15:25:21
H,301.4,310.4,1610,38.6,16,0,0,V1,2026-09-23 15:25:21
L,299.0,310.1,1886,21.2,13,0,0,V1,2026-09-23 15:25:21
M,300.1,309.2,1687,27.7,95,0,0,V1,2026-09-23 15:25:21
L,301.6,310.6,1222,70.0,62,1,0,V1,2026-09-23 15:25:21
L,302.0,310.6,1325,55.3,192,1,0,V1,2026-09-23 15:25:21
H,298.8,310.3,1708,27.1,78,0,0,V1,2026-09-23 15:25:21
L,299.6,310.9,1716,28.5,117,0,0,V1,2026-09-23 15:25:21
H,303.5,311.7,1584,32.7,143,0,0,V1,2026-09-23 15:25:21
L,301.5,310.8,1785,25.5,120,0,0,V1,2026-09-23 15:25:21
L,303.3,311.3,1350,48.1,32,1,1,V1,2026-09-23 15:25:21
H,296.9,307.8,1549,37.8,104,0,0,V1,2026-09-23 15:25:21
M,296.2,307.2,1633,31.1,0,0,0,V1,2026-09-23 15:25:21
L,298.2,308.4,1512,34.9,181,0,0,V1,2026-09-23 15:25:21
M,298.4,308.0,1416,38.2,198,0,1,V1,2026-09-23 15:25:21
L,301.0,311.0,1634,31.2,182,0,0,V1,2026-09-23 15:25:21
H,297.4,308.6,1461,40.1,126,0,0,V1,2026-09-23 15:25:21
L,297.4,308.5,1477,40.7,74,0,0,V1,2026-09-23 15:25:21
M,295.7,306.3,1347,50.4,46,0,0,V1,2026-09-23 15:25:21
M,303.8,312.9,1815,27.8,66,0,0,V1,2026-09-23 15:25:21
L,296.7,307.4,1535,34.6,114,0,0,V1,2026-09-23 15:25:21
M,304.3,313.4,1624,32.1,53,0,0,V1,2026-09-23 15:25:21
L,299.8,310.8,1553,32.2,161,0,0,V1,2026-09-23 15:25:21
L,301.5,310.7,1942,20.5,155,0,0,V1,2026-09-23 15:25:21
H,302.1,311.2,1598,37.9,148,0,0,V1,2026-09-23 15:25:21
M,301.1,310.7,1367,43.4,111,0,0,V1,2026-09-23 15:25:21
H,298.9,308.8,1621,32.7,75,0,0,V1,2026-09-23 15:25:21
H,299.7,309.2,1456,40.6,182,0,0,V1,2026-09-23 15:25:21
L,298.2,307.8,1528,31.1,194,0,0,V1,2026-09-23 15:25:21
L,300.2,309.4,1558,38.3,51,0,0,V1,2026-09-23 15:25:21
L,299.0,310.2,1372,48.0,174,0,0,V1,2026-09-23 15:25:21
L,298.9,310.6,1387,52.7,2,0,0,V1,2026-09-23 15:25:21
M,302.4,311.1,1443,51.8,178,0,0,V1,2026-09-23 15:25:21
M,299.8,309.2,1372,58.2,65,0,0,V1,2026-09-23 15:25:21
M,298.9,309.6,1567,34.5,204,0,0,V1,2026-09-23 15:25:21
L,301.5,310.6,1453,44.0,208,0,0,V1,2026-09-23 15:25:21
H,304.2,313.5,1627,32.2,91,0,0,V1,2026-09-23 15:25:21
H,302.2,310.9,1415,48.4,185,0,0,V1,2026-09-23 15:25:21
L,298.7,310.2,1566,33.1,68,0,0,V1,2026-09-23 15:25:21
L,301.8,309.6,1432,43.7,138,0,0,V1,2026-09-23 15:25:21
M,301.1,312.3,1852,25.9,131,0,0,V1,2026-09-23 15:25:21
M,299.0,310.0,1341,58.9,126,0,0,V1,2026-09-23 15:25:21
L,301.5,311.1,1458,41.4,123,0,0,V1,2026-09-23 15:25:21
L,301.3,310.9,1509,41.7,16,0,0,V1,2026-09-23 15:25:21
L,301.5,310.4,1425,54.4,7,0,0,V1,2026-09-23 15:25:21
L,297.5,308.7,1407,42.5,145,0,0,V1,2026-09-23 15:25:21
L,300.7,310.8,1619,34.9,57,0,0,V1,2026-09-23 15:25:21
L,299.3,309.3,1528,37.8,45,0,0,V1,2026-09-23 15:25:21
H,296.9,307.9,1547,32.6,79,0,0,V1,2026-09-23 15:25:21
L,302.6,311.9,1453,39.1,84,0,0,V1,2026-09-23 15:25:21
L,298.6,310.1,1721,27.2,5,0,0,V1,2026-09-23 15:25:21
L,302.5,310.3,1551,37.3,168,0,0,V1,2026-09-23 15:25:21
H,303.6,312.4,1480,50.7,2,0,0,V1,2026-09-23 15:25:21
M,301.6,311.0,1431,42.3,129,0,0,V1,2026-09-23 15:25:21
M,297.4,308.4,1441,46.8,116,0,0,V1,2026-09-23 15:25:21
H,296.7,307.4,1661,34.2,109,0,0,V1,2026-09-23 15:25:21
H,297.1,308.4,1654,31.4,171,0,0,V1,2026-09-23 15:25:21
L,304.2,313.6,1469,40.0,154,0,0,V1,2026-09-23 15:25:21
L,302.0,310.8,1615,29.0,235,0,1,V1,2026-09-23 15:25:21
L,297.6,308.7,1319,50.9,141,0,0,V1,2026-09-23 15:25:21
M,302.4,311.9,1398,50.1,188,0,0,V1,2026-09-23 15:25:21
M,302.0,311.2,1558,39.1,179,0,0,V1,2026-09-23 15:25:21
L,300.0,309.0,1454,51.7,2,0,0,V1,2026-09-23 15:25:21
M,301.0,311.1,1420,47.4,167,0,0,V1,2026-09-23 15:25:21
M,304.1,313.3,1725,28.3,177,0,0,V1,2026-09-23 15:25:21
L,303.0,312.3,1533,38.5,134,0,0,V1,2026-09-23 15:25:21
L,302.0,311.1,1406,50.5,187,0,0,V1,2026-09-23 15:25:21
L,298.9,308.7,1729,26.6,73,0,0,V1,2026-09-23 15:25:21
H,300.7,309.5,2007,19.7,2,0,0,V1,2026-09-23 15:25:21
L,301.6,310.6,1506,43.4,222,0,0,V1,2026-09-23 15:25:21
H,302.6,312.0,1657,29.3,37,0,0,V1,2026-09-23 15:25:21
L,298.8,308.6,1511,36.1,157,0,0,V1,2026-09-23 15:25:21
L,300.2,309.7,1421,44.6,17,0,0,V1,2026-09-23 15:25:21
L,303.4,312.9,1389,54.1,109,0,0,V1,2026-09-23 15:25:21
L,298.4,309.1,1417,40.6,121,0,0,V1,2026-09-23 15:25:21
H,301.0,310.1,1454,44.1,217,0,0,V1,2026-09-23 15:25:21
L,296.6,307.4,1504,45.8,58,0,0,V1,2026-09-23 15:25:21
L,301.4,310.5,1380,48.4,131,0,0,V1,2026-09-23 15:25:21
L,296.0,306.7,1917,21.0,127,0,0,V1,2026-09-23 15:25:21
L,300.4,311.3,1495,51.2,175,0,0,V1,2026-09-23 15:25:21
M,297.3,308.3,1301,39.6,5,0,0,V1,2026-09-23 15:25:21
M,297.9,307.6,1609,30.3,64,0,0,V1,2026-09-23 15:25:21
M,297.4,308.3,1550,47.8,18,0,0,V1,2026-09-23 15:25:21
L,299.1,308.6,1555,36.6,104,0,0,V1,2026-09-23 15:25:21
L,298.0,308.6,1430,57.0,43,0,0,V1,2026-09-23 15:25:21
M,301.7,310.5,1724,33.0,171,0,0,V1,2026-09-23 15:25:21
L,303.3,311.4,1511,43.4,65,0,0,V1,2026-09-23 15:25:21
L,303.5,311.6,1465,48.7,60,0,0,V1,2026-09-23 15:25:21
M,298.8,309.6,1692,31.9,167,0,0,V1,2026-09-23 15:25:21
L,301.6,310.6,1418,43.9,129,0,0,V1,2026-09-23 15:25:21
M,298.8,310.0,1484,44.9,80,0,0,V1,2026-09-23 15:25:21
L,297.8,309.3,2015,20.1,161,0,0,V1,2026-09-23 15:25:21
L,301.4,311.1,1800,26.0,135,0,0,V1,2026-09-23 15:25:21
L,298.8,308.6,1631,32.4,38,0,0,V1,2026-09-23 15:25:21
L,300.3,309.6,1435,45.4,181,0,0,V1,2026-09-23 15:25:21
L,303.5,311.7,1620,31.0,141,0,0,V1,2026-09-23 15:25:21
M,298.8,309.7,1453,47.7,101,0,0,V1,2026-09-23 15:25:21
M,301.7,309.8,1284,68.2,111,1,1,V1,2026-09-23 15:25:21
M,302.4,310.4,1463,42.2,139,0,0,V1,2026-09-23 15:25:21
L,298.5,309.5,1547,33.1,68,0,0,V1,2026-09-23 15:25:21
L,297.3,308.4,1513,40.5,25,0,0,V1,2026-09-23 15:25:21
M,300.2,309.5,1642,28.8,92,0,0,V1,2026-09-23 15:25:21
L,301.3,311.0,1418,41.9,208,0,0,V1,2026-09-23 15:25:21
L,300.2,311.4,1331,49.8,143,0,0,V1,2026-09-23 15:25:21
M,296.2,307.0,2119,18.3,159,0,0,V1,2026-09-23 15:25:21
L,302.4,311.5,1505,37.9,79,0,0,V1,2026-09-23 15:25:21
L,297.8,309.7,1547,37.3,25,0,0,V1,2026-09-23 15:25:21
M,298.2,308.3,1639,33.3,191,0,0,V1,2026-09-23 15:25:21
H,303.8,313.2,1381,52.4,140,0,0,V1,2026-09-23 15:25:21
H,304.1,313.2,1586,34.6,139,0,0,V1,2026-09-23 15:25:21
M,302.5,311.0,1563,35.6,190,0,0,V1,2026-09-23 15:25:21
M,303.4,311.8,1341,47.0,210,1,1,V1,2026-09-23 15:25:21
H,297.7,308.2,1489,43.0,151,0,0,V1,2026-09-23 15:25:21
L,299.7,309.2,1412,45.4,147,0,0,V1,2026-09-23 15:25:21
L,299.8,309.7,1457,51.9,89,0,0,V1,2026-09-23 15:25:21
L,298.9,308.7,1504,41.8,165,0,0,V1,2026-09-23 15:25:21
L,300.7,310.6,1616,29.6,47,0,0,V1,2026-09-23 15:25:21
L,299.3,309.1,1388,45.5,123,0,0,V1,2026-09-23 15:25:21
L,301.3,310.7,1761,24.3,174,0,0,V1,2026-09-23 15:25:21
M,296.9,307.7,2008,17.5,3,0,0,V1,2026-09-23 15:25:21
L,300.1,309.2,1441,42.9,148,0,0,V1,2026-09-23 15:25:21
L,301.3,310.6,1440,53.8,90,0,0,V1,2026-09-23 15:25:21
L,302.0,310.6,1392,50.0,84,0,0,V1,2026-09-23 15:25:21
H,298.5,309.0,1531,30.8,212,0,0,V1,2026-09-23 15:25:21
L,297.5,308.8,1530,37.8,157,0,0,V1,2026-09-23 15:25:21
H,297.3,308.7,1569,33.9,93,0,0,V1,2026-09-23 15:25:21
M,297.5,309.5,1553,42.4,60,0,0,V1,2026-09-23 15:25:21
L,299.1,308.8,1413,42.1,86,0,0,V1,2026-09-23 15:25:21
L,302.1,310.1,1543,35.8,164,0,0,V1,2026-09-23 15:25:21
L,301.0,310.9,1296,54.9,69,0,0,V1,2026-09-23 15:25:21
M,302.0,310.9,1352,55.5,59,1,0,V1,2026-09-23 15:25:21
M,298.3,308.4,1486,44.2,196,0,0,V1,2026-09-23 15:25:21
L,298.2,308.2,1469,43.0,88,0,0,V1,2026-09-23 15:25:21
L,300.4,311.8,1405,47.9,58,0,0,V1,2026-09-23 15:25:21
M,303.8,312.7,1488,41.3,175,0,0,V1,2026-09-23 15:25:21
L,298.2,307.5,1470,51.3,180,0,0,V1,2026-09-23 15:25:21
L,304.3,313.5,1802,25.4,170,0,0,V1,2026-09-23 15:25:21
L,300.6,310.4,1556,37.7,122,0,0,V1,2026-09-23 15:25:21
M,296.9,307.5,1332,51.1,121,0,0,V1,2026-09-23 15:25:21
L,300.5,311.4,1400,45.1,29,0,0,V1,2026-09-23 15:25:21
L,298.8,308.9,1461,47.9,206,0,0,V1,2026-09-23 15:25:21
M,298.8,309.7,1499,40.3,154,0,0,V1,2026-09-23 15:25:21
M,299.3,308.5,1304,60.6,8,0,0,V1,2026-09-23 15:25:21
H,297.9,307.3,1663,28.7,7,0,0,V1,2026-09-23 15:25:21
L,300.8,311.3,1498,40.2,73,0,0,V1,2026-09-23 15:25:21
M,298.1,307.9,1446,42.8,121,0,0,V1,2026-09-23 15:25:21
M,302.4,311.9,1422,46.4,194,0,0,V1,2026-09-23 15:25:21
M,297.9,309.0,1970,21.6,37,0,0,V1,2026-09-23 15:25:21
